--
-- PostgreSQL database dump
--

\restrict Ft3oKi2fvdFSfhDhKA0tYnz403czwIXbA8YyM9Uwl1N0tGFKa8FBvfqNC2OLpDC

-- Dumped from database version 17.6 (Postgres.app)
-- Dumped by pg_dump version 17.6 (Postgres.app)

SET statement_timeout = 0;
SET lock_timeout = 0;
SET idle_in_transaction_session_timeout = 0;
SET transaction_timeout = 0;
SET client_encoding = 'UTF8';
SET standard_conforming_strings = on;
SELECT pg_catalog.set_config('search_path', '', false);
SET check_function_bodies = false;
SET xmloption = content;
SET client_min_messages = warning;
SET row_security = off;

ALTER TABLE ONLY public.users DROP CONSTRAINT users_user_type_id_fkey;
ALTER TABLE ONLY public.user_preferences DROP CONSTRAINT user_preferences_profile_id_fkey;
ALTER TABLE ONLY public.user_preferences DROP CONSTRAINT user_preferences_language_id_fkey;
ALTER TABLE ONLY public.user_preferences DROP CONSTRAINT user_preferences_event_preferred_country_id_fkey;
ALTER TABLE ONLY public.user_preferences DROP CONSTRAINT user_preferences_event_preferred_city_id_fkey;
ALTER TABLE ONLY public.user_follows DROP CONSTRAINT user_follows_following_id_fkey;
ALTER TABLE ONLY public.user_follows DROP CONSTRAINT user_follows_follower_id_fkey;
ALTER TABLE ONLY public.profiles DROP CONSTRAINT profiles_user_id_fkey;
ALTER TABLE ONLY public.profiles DROP CONSTRAINT profiles_profile_type_id_fkey;
ALTER TABLE ONLY public.profiles DROP CONSTRAINT profiles_country_id_fkey;
ALTER TABLE ONLY public.masterclasses DROP CONSTRAINT masterclasses_profile_id_fkey;
ALTER TABLE ONLY public.masterclasses DROP CONSTRAINT masterclasses_art_category_id_fkey;
ALTER TABLE ONLY public.freelances DROP CONSTRAINT freelancers_profile_id_fkey;
ALTER TABLE ONLY public.freelances DROP CONSTRAINT freelancers_art_category_id_fkey;
ALTER TABLE ONLY public.events DROP CONSTRAINT events_type_id_fkey;
ALTER TABLE ONLY public.events DROP CONSTRAINT events_profile_id_fkey;
ALTER TABLE ONLY public.events_likes DROP CONSTRAINT events_likes_liker_profile_id_fkey;
ALTER TABLE ONLY public.events_likes DROP CONSTRAINT events_likes_event_id_fkey;
ALTER TABLE ONLY public.events DROP CONSTRAINT events_city_id_fkey;
ALTER TABLE ONLY public.event_goers DROP CONSTRAINT event_goers_profile_id_fkey;
ALTER TABLE ONLY public.event_goers DROP CONSTRAINT event_goers_event_id_fkey;
ALTER TABLE ONLY public.countries DROP CONSTRAINT countries_continent_id_fkey;
ALTER TABLE ONLY public.cities DROP CONSTRAINT cities_country_id_fkey;
ALTER TABLE ONLY public.artworks DROP CONSTRAINT artworks_profile_id_fkey;
ALTER TABLE ONLY public.artworks DROP CONSTRAINT artworks_art_category_id_fkey;
ALTER TABLE ONLY public.artwork_types DROP CONSTRAINT artwork_types_artwork_id_fkey;
ALTER TABLE ONLY public.artwork_types DROP CONSTRAINT artwork_types_art_type_id_fkey;
ALTER TABLE ONLY public.artwork_media DROP CONSTRAINT artwork_media_artwork_id_fkey;
ALTER TABLE ONLY public.artwork_likes DROP CONSTRAINT artwork_likes_profile_id_fkey;
ALTER TABLE ONLY public.artwork_likes DROP CONSTRAINT artwork_likes_artwork_id_fkey;
ALTER TABLE ONLY public.art_types DROP CONSTRAINT art_types_category_id_fkey;
ALTER TABLE ONLY public.art_categories DROP CONSTRAINT art_categories_media_type_id_fkey;
ALTER TABLE ONLY public.users DROP CONSTRAINT users_pkey;
ALTER TABLE ONLY public.user_types DROP CONSTRAINT user_types_pkey;
ALTER TABLE ONLY public.user_preferences DROP CONSTRAINT user_preferences_pkey;
ALTER TABLE ONLY public.user_follows DROP CONSTRAINT user_follows_pkey;
ALTER TABLE ONLY public.profiles DROP CONSTRAINT profiles_pkey;
ALTER TABLE ONLY public.profile_types DROP CONSTRAINT profile_types_pkey;
ALTER TABLE ONLY public.masterclasses DROP CONSTRAINT masterclasses_pkey;
ALTER TABLE ONLY public.logs DROP CONSTRAINT logs_pkey;
ALTER TABLE ONLY public.languages DROP CONSTRAINT languages_pkey;
ALTER TABLE ONLY public.freelances DROP CONSTRAINT freelancers_pkey;
ALTER TABLE ONLY public.events DROP CONSTRAINT events_pkey;
ALTER TABLE ONLY public.events_likes DROP CONSTRAINT events_likes_pkey;
ALTER TABLE ONLY public.event_types DROP CONSTRAINT event_types_pkey;
ALTER TABLE ONLY public.event_goers DROP CONSTRAINT event_goers_pkey;
ALTER TABLE ONLY public.countries DROP CONSTRAINT countries_pkey;
ALTER TABLE ONLY public.continents DROP CONSTRAINT continents_pkey;
ALTER TABLE ONLY public.cities DROP CONSTRAINT cities_pkey;
ALTER TABLE ONLY public.artworks DROP CONSTRAINT artworks_pkey;
ALTER TABLE ONLY public.artwork_types DROP CONSTRAINT artwork_types_pkey;
ALTER TABLE ONLY public.artwork_media DROP CONSTRAINT artwork_media_pkey;
ALTER TABLE ONLY public.artwork_likes DROP CONSTRAINT artwork_likes_pkey;
ALTER TABLE ONLY public.art_types DROP CONSTRAINT art_types_pkey;
ALTER TABLE ONLY public.art_media_types DROP CONSTRAINT art_media_types_pkey;
ALTER TABLE ONLY public.art_categories DROP CONSTRAINT art_categories_pkey;
ALTER TABLE public.user_types ALTER COLUMN id DROP DEFAULT;
ALTER TABLE public.user_preferences ALTER COLUMN id DROP DEFAULT;
ALTER TABLE public.profile_types ALTER COLUMN id DROP DEFAULT;
ALTER TABLE public.logs ALTER COLUMN id DROP DEFAULT;
ALTER TABLE public.languages ALTER COLUMN id DROP DEFAULT;
ALTER TABLE public.events_likes ALTER COLUMN id DROP DEFAULT;
ALTER TABLE public.event_types ALTER COLUMN id DROP DEFAULT;
ALTER TABLE public.event_goers ALTER COLUMN id DROP DEFAULT;
ALTER TABLE public.cities ALTER COLUMN id DROP DEFAULT;
ALTER TABLE public.artwork_likes ALTER COLUMN id DROP DEFAULT;
ALTER TABLE public.art_types ALTER COLUMN id DROP DEFAULT;
ALTER TABLE public.art_media_types ALTER COLUMN id DROP DEFAULT;
ALTER TABLE public.art_categories ALTER COLUMN id DROP DEFAULT;
DROP TABLE public.users;
DROP SEQUENCE public.user_types_id_seq;
DROP TABLE public.user_types;
DROP SEQUENCE public.user_preferences_id_seq;
DROP TABLE public.user_preferences;
DROP TABLE public.user_follows;
DROP TABLE public.profiles;
DROP SEQUENCE public.profile_types_id_seq;
DROP TABLE public.profile_types;
DROP TABLE public.masterclasses;
DROP SEQUENCE public.logs_id_seq;
DROP TABLE public.logs;
DROP SEQUENCE public.languages_id_seq;
DROP TABLE public.languages;
DROP TABLE public.freelances;
DROP SEQUENCE public.events_likes_id_seq;
DROP TABLE public.events_likes;
DROP TABLE public.events;
DROP SEQUENCE public.event_types_id_seq;
DROP TABLE public.event_types;
DROP SEQUENCE public.event_goers_id_seq;
DROP TABLE public.event_goers;
DROP TABLE public.countries;
DROP TABLE public.continents;
DROP SEQUENCE public.cities_id_seq;
DROP TABLE public.cities;
DROP TABLE public.artworks;
DROP TABLE public.artwork_types;
DROP TABLE public.artwork_media;
DROP SEQUENCE public.artwork_likes_id_seq;
DROP TABLE public.artwork_likes;
DROP SEQUENCE public.art_types_id_seq;
DROP TABLE public.art_types;
DROP SEQUENCE public.art_media_types_id_seq;
DROP TABLE public.art_media_types;
DROP SEQUENCE public.art_categories_id_seq;
DROP TABLE public.art_categories;
DROP EXTENSION pgcrypto;
--
-- Name: pgcrypto; Type: EXTENSION; Schema: -; Owner: -
--

CREATE EXTENSION IF NOT EXISTS pgcrypto WITH SCHEMA public;


--
-- Name: EXTENSION pgcrypto; Type: COMMENT; Schema: -; Owner: 
--

COMMENT ON EXTENSION pgcrypto IS 'cryptographic functions';


SET default_tablespace = '';

SET default_table_access_method = heap;

--
-- Name: art_categories; Type: TABLE; Schema: public; Owner: mondatelier
--

CREATE TABLE public.art_categories (
    id bigint NOT NULL,
    media_type_id bigint NOT NULL,
    name character varying(255) NOT NULL
);


ALTER TABLE public.art_categories OWNER TO mondatelier;

--
-- Name: art_categories_id_seq; Type: SEQUENCE; Schema: public; Owner: mondatelier
--

CREATE SEQUENCE public.art_categories_id_seq
    AS integer
    START WITH 1
    INCREMENT BY 1
    NO MINVALUE
    NO MAXVALUE
    CACHE 1;


ALTER SEQUENCE public.art_categories_id_seq OWNER TO mondatelier;

--
-- Name: art_categories_id_seq; Type: SEQUENCE OWNED BY; Schema: public; Owner: mondatelier
--

ALTER SEQUENCE public.art_categories_id_seq OWNED BY public.art_categories.id;


--
-- Name: art_media_types; Type: TABLE; Schema: public; Owner: mondatelier
--

CREATE TABLE public.art_media_types (
    id bigint NOT NULL,
    type character varying(255) NOT NULL
);


ALTER TABLE public.art_media_types OWNER TO mondatelier;

--
-- Name: art_media_types_id_seq; Type: SEQUENCE; Schema: public; Owner: mondatelier
--

CREATE SEQUENCE public.art_media_types_id_seq
    AS integer
    START WITH 1
    INCREMENT BY 1
    NO MINVALUE
    NO MAXVALUE
    CACHE 1;


ALTER SEQUENCE public.art_media_types_id_seq OWNER TO mondatelier;

--
-- Name: art_media_types_id_seq; Type: SEQUENCE OWNED BY; Schema: public; Owner: mondatelier
--

ALTER SEQUENCE public.art_media_types_id_seq OWNED BY public.art_media_types.id;


--
-- Name: art_types; Type: TABLE; Schema: public; Owner: mondatelier
--

CREATE TABLE public.art_types (
    id bigint NOT NULL,
    category_id bigint NOT NULL,
    name character varying(255) NOT NULL
);


ALTER TABLE public.art_types OWNER TO mondatelier;

--
-- Name: art_types_id_seq; Type: SEQUENCE; Schema: public; Owner: mondatelier
--

CREATE SEQUENCE public.art_types_id_seq
    AS integer
    START WITH 1
    INCREMENT BY 1
    NO MINVALUE
    NO MAXVALUE
    CACHE 1;


ALTER SEQUENCE public.art_types_id_seq OWNER TO mondatelier;

--
-- Name: art_types_id_seq; Type: SEQUENCE OWNED BY; Schema: public; Owner: mondatelier
--

ALTER SEQUENCE public.art_types_id_seq OWNED BY public.art_types.id;


--
-- Name: artwork_likes; Type: TABLE; Schema: public; Owner: mondatelier
--

CREATE TABLE public.artwork_likes (
    id bigint NOT NULL,
    artwork_id character varying(255),
    profile_id character varying(255),
    created_at timestamp with time zone DEFAULT CURRENT_TIMESTAMP NOT NULL
);


ALTER TABLE public.artwork_likes OWNER TO mondatelier;

--
-- Name: artwork_likes_id_seq; Type: SEQUENCE; Schema: public; Owner: mondatelier
--

CREATE SEQUENCE public.artwork_likes_id_seq
    AS integer
    START WITH 1
    INCREMENT BY 1
    NO MINVALUE
    NO MAXVALUE
    CACHE 1;


ALTER SEQUENCE public.artwork_likes_id_seq OWNER TO mondatelier;

--
-- Name: artwork_likes_id_seq; Type: SEQUENCE OWNED BY; Schema: public; Owner: mondatelier
--

ALTER SEQUENCE public.artwork_likes_id_seq OWNED BY public.artwork_likes.id;


--
-- Name: artwork_media; Type: TABLE; Schema: public; Owner: mondatelier
--

CREATE TABLE public.artwork_media (
    id character varying(255) NOT NULL,
    artwork_id character varying(255),
    path character varying(255) NOT NULL,
    is_thumbnail boolean DEFAULT false NOT NULL
);


ALTER TABLE public.artwork_media OWNER TO mondatelier;

--
-- Name: artwork_types; Type: TABLE; Schema: public; Owner: mondatelier
--

CREATE TABLE public.artwork_types (
    artwork_id character varying(255) NOT NULL,
    art_type_id integer NOT NULL
);


ALTER TABLE public.artwork_types OWNER TO mondatelier;

--
-- Name: artworks; Type: TABLE; Schema: public; Owner: mondatelier
--

CREATE TABLE public.artworks (
    id character varying(255) NOT NULL,
    title character varying(255),
    profile_id character varying(255),
    art_category_id bigint,
    salable boolean DEFAULT false NOT NULL,
    price integer,
    release_year integer,
    created_at timestamp with time zone DEFAULT CURRENT_TIMESTAMP NOT NULL,
    dimensions character varying(255),
    duration integer,
    CONSTRAINT artworks_year_check CHECK (((release_year)::numeric <= EXTRACT(year FROM CURRENT_DATE)))
);


ALTER TABLE public.artworks OWNER TO mondatelier;

--
-- Name: cities; Type: TABLE; Schema: public; Owner: mondatelier
--

CREATE TABLE public.cities (
    id bigint NOT NULL,
    name character varying(255) NOT NULL,
    country_id bigint
);


ALTER TABLE public.cities OWNER TO mondatelier;

--
-- Name: cities_id_seq; Type: SEQUENCE; Schema: public; Owner: mondatelier
--

CREATE SEQUENCE public.cities_id_seq
    AS integer
    START WITH 1
    INCREMENT BY 1
    NO MINVALUE
    NO MAXVALUE
    CACHE 1;


ALTER SEQUENCE public.cities_id_seq OWNER TO mondatelier;

--
-- Name: cities_id_seq; Type: SEQUENCE OWNED BY; Schema: public; Owner: mondatelier
--

ALTER SEQUENCE public.cities_id_seq OWNED BY public.cities.id;


--
-- Name: continents; Type: TABLE; Schema: public; Owner: mondatelier
--

CREATE TABLE public.continents (
    id bigint NOT NULL,
    name character varying(255)
);


ALTER TABLE public.continents OWNER TO mondatelier;

--
-- Name: countries; Type: TABLE; Schema: public; Owner: mondatelier
--

CREATE TABLE public.countries (
    id bigint NOT NULL,
    name character varying(255) NOT NULL,
    continent_id bigint NOT NULL
);


ALTER TABLE public.countries OWNER TO mondatelier;

--
-- Name: event_goers; Type: TABLE; Schema: public; Owner: mondatelier
--

CREATE TABLE public.event_goers (
    id bigint NOT NULL,
    event_id text,
    profile_id text,
    created_at timestamp with time zone DEFAULT CURRENT_TIMESTAMP NOT NULL
);


ALTER TABLE public.event_goers OWNER TO mondatelier;

--
-- Name: event_goers_id_seq; Type: SEQUENCE; Schema: public; Owner: mondatelier
--

CREATE SEQUENCE public.event_goers_id_seq
    AS integer
    START WITH 1
    INCREMENT BY 1
    NO MINVALUE
    NO MAXVALUE
    CACHE 1;


ALTER SEQUENCE public.event_goers_id_seq OWNER TO mondatelier;

--
-- Name: event_goers_id_seq; Type: SEQUENCE OWNED BY; Schema: public; Owner: mondatelier
--

ALTER SEQUENCE public.event_goers_id_seq OWNED BY public.event_goers.id;


--
-- Name: event_types; Type: TABLE; Schema: public; Owner: mondatelier
--

CREATE TABLE public.event_types (
    id bigint NOT NULL,
    type character varying(255)
);


ALTER TABLE public.event_types OWNER TO mondatelier;

--
-- Name: event_types_id_seq; Type: SEQUENCE; Schema: public; Owner: mondatelier
--

CREATE SEQUENCE public.event_types_id_seq
    AS integer
    START WITH 1
    INCREMENT BY 1
    NO MINVALUE
    NO MAXVALUE
    CACHE 1;


ALTER SEQUENCE public.event_types_id_seq OWNER TO mondatelier;

--
-- Name: event_types_id_seq; Type: SEQUENCE OWNED BY; Schema: public; Owner: mondatelier
--

ALTER SEQUENCE public.event_types_id_seq OWNED BY public.event_types.id;


--
-- Name: events; Type: TABLE; Schema: public; Owner: mondatelier
--

CREATE TABLE public.events (
    id character varying(255) NOT NULL,
    title character varying(255) NOT NULL,
    type_id bigint,
    city_id bigint,
    description text,
    created_at timestamp with time zone DEFAULT CURRENT_TIMESTAMP NOT NULL,
    updated_at timestamp with time zone DEFAULT CURRENT_TIMESTAMP NOT NULL,
    date timestamp with time zone DEFAULT CURRENT_TIMESTAMP NOT NULL,
    profile_id character varying(255),
    thumbnail_url character varying(255)
);


ALTER TABLE public.events OWNER TO mondatelier;

--
-- Name: events_likes; Type: TABLE; Schema: public; Owner: mondatelier
--

CREATE TABLE public.events_likes (
    id bigint NOT NULL,
    event_id text,
    liker_profile_id text,
    created_at timestamp with time zone DEFAULT CURRENT_TIMESTAMP NOT NULL
);


ALTER TABLE public.events_likes OWNER TO mondatelier;

--
-- Name: events_likes_id_seq; Type: SEQUENCE; Schema: public; Owner: mondatelier
--

CREATE SEQUENCE public.events_likes_id_seq
    AS integer
    START WITH 1
    INCREMENT BY 1
    NO MINVALUE
    NO MAXVALUE
    CACHE 1;


ALTER SEQUENCE public.events_likes_id_seq OWNER TO mondatelier;

--
-- Name: events_likes_id_seq; Type: SEQUENCE OWNED BY; Schema: public; Owner: mondatelier
--

ALTER SEQUENCE public.events_likes_id_seq OWNED BY public.events_likes.id;


--
-- Name: freelances; Type: TABLE; Schema: public; Owner: mondatelier
--

CREATE TABLE public.freelances (
    id character varying(255) NOT NULL,
    profile_id character varying(255),
    art_category_id bigint,
    description character varying(255),
    created_at timestamp with time zone DEFAULT CURRENT_TIMESTAMP NOT NULL
);


ALTER TABLE public.freelances OWNER TO mondatelier;

--
-- Name: languages; Type: TABLE; Schema: public; Owner: mondatelier
--

CREATE TABLE public.languages (
    id bigint NOT NULL,
    name character varying(255)
);


ALTER TABLE public.languages OWNER TO mondatelier;

--
-- Name: languages_id_seq; Type: SEQUENCE; Schema: public; Owner: mondatelier
--

CREATE SEQUENCE public.languages_id_seq
    AS integer
    START WITH 1
    INCREMENT BY 1
    NO MINVALUE
    NO MAXVALUE
    CACHE 1;


ALTER SEQUENCE public.languages_id_seq OWNER TO mondatelier;

--
-- Name: languages_id_seq; Type: SEQUENCE OWNED BY; Schema: public; Owner: mondatelier
--

ALTER SEQUENCE public.languages_id_seq OWNED BY public.languages.id;


--
-- Name: logs; Type: TABLE; Schema: public; Owner: mondatelier
--

CREATE TABLE public.logs (
    id bigint NOT NULL,
    "time" timestamp with time zone,
    type character varying(255),
    message text
);


ALTER TABLE public.logs OWNER TO mondatelier;

--
-- Name: logs_id_seq; Type: SEQUENCE; Schema: public; Owner: mondatelier
--

CREATE SEQUENCE public.logs_id_seq
    AS integer
    START WITH 1
    INCREMENT BY 1
    NO MINVALUE
    NO MAXVALUE
    CACHE 1;


ALTER SEQUENCE public.logs_id_seq OWNER TO mondatelier;

--
-- Name: logs_id_seq; Type: SEQUENCE OWNED BY; Schema: public; Owner: mondatelier
--

ALTER SEQUENCE public.logs_id_seq OWNED BY public.logs.id;


--
-- Name: masterclasses; Type: TABLE; Schema: public; Owner: mondatelier
--

CREATE TABLE public.masterclasses (
    id character varying(255) NOT NULL,
    profile_id character varying(255),
    title character varying(255) NOT NULL,
    description character varying(255),
    sessions integer DEFAULT 1 NOT NULL,
    session_duration integer DEFAULT 0 NOT NULL,
    session_price integer DEFAULT 0 NOT NULL,
    created_at timestamp with time zone DEFAULT CURRENT_TIMESTAMP NOT NULL,
    art_category_id bigint,
    city_id text,
    thumbnail_url character varying(255)
);


ALTER TABLE public.masterclasses OWNER TO mondatelier;

--
-- Name: profile_types; Type: TABLE; Schema: public; Owner: mondatelier
--

CREATE TABLE public.profile_types (
    id bigint NOT NULL,
    type text NOT NULL
);


ALTER TABLE public.profile_types OWNER TO mondatelier;

--
-- Name: profile_types_id_seq; Type: SEQUENCE; Schema: public; Owner: mondatelier
--

CREATE SEQUENCE public.profile_types_id_seq
    AS integer
    START WITH 1
    INCREMENT BY 1
    NO MINVALUE
    NO MAXVALUE
    CACHE 1;


ALTER SEQUENCE public.profile_types_id_seq OWNER TO mondatelier;

--
-- Name: profile_types_id_seq; Type: SEQUENCE OWNED BY; Schema: public; Owner: mondatelier
--

ALTER SEQUENCE public.profile_types_id_seq OWNED BY public.profile_types.id;


--
-- Name: profiles; Type: TABLE; Schema: public; Owner: mondatelier
--

CREATE TABLE public.profiles (
    id character varying(255) NOT NULL,
    user_id character varying(255),
    profile_type_id integer,
    profile_name character varying(255),
    firstname character varying(255) NOT NULL,
    lastname character varying(255) NOT NULL,
    dob timestamp(6) without time zone NOT NULL,
    bio character varying(255),
    personal_website character varying(255),
    country_id bigint,
    banner_path character varying(255),
    profile_picture_path character varying(255),
    show_real_name boolean DEFAULT false,
    active boolean DEFAULT false
);


ALTER TABLE public.profiles OWNER TO mondatelier;

--
-- Name: user_follows; Type: TABLE; Schema: public; Owner: mondatelier
--

CREATE TABLE public.user_follows (
    follower_id text NOT NULL,
    following_id text NOT NULL,
    followed_at timestamp with time zone DEFAULT CURRENT_TIMESTAMP NOT NULL
);


ALTER TABLE public.user_follows OWNER TO mondatelier;

--
-- Name: user_preferences; Type: TABLE; Schema: public; Owner: mondatelier
--

CREATE TABLE public.user_preferences (
    id bigint NOT NULL,
    language_id bigint DEFAULT 1,
    preferred_city_id bigint,
    animations boolean DEFAULT true,
    preferred_country_id bigint,
    profile_id character varying(255),
    notifications boolean DEFAULT true
);


ALTER TABLE public.user_preferences OWNER TO mondatelier;

--
-- Name: user_preferences_id_seq; Type: SEQUENCE; Schema: public; Owner: mondatelier
--

CREATE SEQUENCE public.user_preferences_id_seq
    AS integer
    START WITH 1
    INCREMENT BY 1
    NO MINVALUE
    NO MAXVALUE
    CACHE 1;


ALTER SEQUENCE public.user_preferences_id_seq OWNER TO mondatelier;

--
-- Name: user_preferences_id_seq; Type: SEQUENCE OWNED BY; Schema: public; Owner: mondatelier
--

ALTER SEQUENCE public.user_preferences_id_seq OWNED BY public.user_preferences.id;


--
-- Name: user_types; Type: TABLE; Schema: public; Owner: mondatelier
--

CREATE TABLE public.user_types (
    id bigint NOT NULL,
    type text NOT NULL
);


ALTER TABLE public.user_types OWNER TO mondatelier;

--
-- Name: user_types_id_seq; Type: SEQUENCE; Schema: public; Owner: mondatelier
--

CREATE SEQUENCE public.user_types_id_seq
    AS integer
    START WITH 1
    INCREMENT BY 1
    NO MINVALUE
    NO MAXVALUE
    CACHE 1;


ALTER SEQUENCE public.user_types_id_seq OWNER TO mondatelier;

--
-- Name: user_types_id_seq; Type: SEQUENCE OWNED BY; Schema: public; Owner: mondatelier
--

ALTER SEQUENCE public.user_types_id_seq OWNED BY public.user_types.id;


--
-- Name: users; Type: TABLE; Schema: public; Owner: mondatelier
--

CREATE TABLE public.users (
    id character varying(255) NOT NULL,
    user_type_id integer,
    email character varying(255),
    password character varying(255),
    created_at timestamp with time zone DEFAULT CURRENT_TIMESTAMP NOT NULL,
    updated_at timestamp with time zone DEFAULT CURRENT_TIMESTAMP NOT NULL,
    active boolean DEFAULT true NOT NULL
);


ALTER TABLE public.users OWNER TO mondatelier;

--
-- Name: art_categories id; Type: DEFAULT; Schema: public; Owner: mondatelier
--

ALTER TABLE ONLY public.art_categories ALTER COLUMN id SET DEFAULT nextval('public.art_categories_id_seq'::regclass);


--
-- Name: art_media_types id; Type: DEFAULT; Schema: public; Owner: mondatelier
--

ALTER TABLE ONLY public.art_media_types ALTER COLUMN id SET DEFAULT nextval('public.art_media_types_id_seq'::regclass);


--
-- Name: art_types id; Type: DEFAULT; Schema: public; Owner: mondatelier
--

ALTER TABLE ONLY public.art_types ALTER COLUMN id SET DEFAULT nextval('public.art_types_id_seq'::regclass);


--
-- Name: artwork_likes id; Type: DEFAULT; Schema: public; Owner: mondatelier
--

ALTER TABLE ONLY public.artwork_likes ALTER COLUMN id SET DEFAULT nextval('public.artwork_likes_id_seq'::regclass);


--
-- Name: cities id; Type: DEFAULT; Schema: public; Owner: mondatelier
--

ALTER TABLE ONLY public.cities ALTER COLUMN id SET DEFAULT nextval('public.cities_id_seq'::regclass);


--
-- Name: event_goers id; Type: DEFAULT; Schema: public; Owner: mondatelier
--

ALTER TABLE ONLY public.event_goers ALTER COLUMN id SET DEFAULT nextval('public.event_goers_id_seq'::regclass);


--
-- Name: event_types id; Type: DEFAULT; Schema: public; Owner: mondatelier
--

ALTER TABLE ONLY public.event_types ALTER COLUMN id SET DEFAULT nextval('public.event_types_id_seq'::regclass);


--
-- Name: events_likes id; Type: DEFAULT; Schema: public; Owner: mondatelier
--

ALTER TABLE ONLY public.events_likes ALTER COLUMN id SET DEFAULT nextval('public.events_likes_id_seq'::regclass);


--
-- Name: languages id; Type: DEFAULT; Schema: public; Owner: mondatelier
--

ALTER TABLE ONLY public.languages ALTER COLUMN id SET DEFAULT nextval('public.languages_id_seq'::regclass);


--
-- Name: logs id; Type: DEFAULT; Schema: public; Owner: mondatelier
--

ALTER TABLE ONLY public.logs ALTER COLUMN id SET DEFAULT nextval('public.logs_id_seq'::regclass);


--
-- Name: profile_types id; Type: DEFAULT; Schema: public; Owner: mondatelier
--

ALTER TABLE ONLY public.profile_types ALTER COLUMN id SET DEFAULT nextval('public.profile_types_id_seq'::regclass);


--
-- Name: user_preferences id; Type: DEFAULT; Schema: public; Owner: mondatelier
--

ALTER TABLE ONLY public.user_preferences ALTER COLUMN id SET DEFAULT nextval('public.user_preferences_id_seq'::regclass);


--
-- Name: user_types id; Type: DEFAULT; Schema: public; Owner: mondatelier
--

ALTER TABLE ONLY public.user_types ALTER COLUMN id SET DEFAULT nextval('public.user_types_id_seq'::regclass);


--
-- Data for Name: art_categories; Type: TABLE DATA; Schema: public; Owner: mondatelier
--

COPY public.art_categories (id, media_type_id, name) FROM stdin;
1	1	Visual Arts
2	1	Digital Arts
3	1	Photography
4	2	Music
5	1	Design
6	1	3D Art
7	3	Performing Arts
8	4	Literary Arts
9	1	Fashion
11	3	Motion Graphics
10	3	Animation
\.


--
-- Data for Name: art_media_types; Type: TABLE DATA; Schema: public; Owner: mondatelier
--

COPY public.art_media_types (id, type) FROM stdin;
1	visual
2	audible
3	watchable
4	readable
\.


--
-- Data for Name: art_types; Type: TABLE DATA; Schema: public; Owner: mondatelier
--

COPY public.art_types (id, category_id, name) FROM stdin;
1	1	Painting
2	1	Drawing
3	1	Sketching
4	1	Watercolor
5	1	Oil Painting
6	1	Acrylic Painting
7	1	Charcoal
8	1	Ink
9	1	Calligraphy
10	1	Collage
11	1	Graffiti
12	1	Street Art
13	1	Mural
14	1	Comic Art
15	1	Manga
16	1	Pop Art
17	1	Illustration
18	1	Mixed Media
19	1	Printmaking
20	2	Digital Painting
21	2	Pixel Art
22	2	Vector Art
23	2	3D Modeling
24	2	3D Rendering
27	2	Generative Art
28	2	AI Art
29	2	NFT Art
30	2	AR/VR Art
31	2	Web Design
32	2	UI/UX Design
33	2	Game Art
34	2	Concept Art
35	3	Portrait Photography
36	3	Street Photography
37	3	Fashion Photography
38	3	Fine Art Photography
39	3	Black & White Photography
40	3	Experimental Photography
41	3	Film Photography
43	4	Singing
44	4	Instrumental
47	4	Sound Design
48	4	Beat Making
49	4	Rap
51	4	Experimental Music
52	4	Audio Collage
54	5	Graphic Design
55	5	Typography
56	5	Logo Design
57	5	Poster Design
58	5	Interior Design
59	5	Furniture Design
60	5	Industrial Design
61	5	Fashion Design
62	5	Textile Art
63	5	Jewelry Design
64	5	Calligraphy
65	5	Packaging Design
66	6	Sculpture
67	6	Installation Art
68	6	Woodworking
69	6	Ceramics
70	6	Metalwork
71	6	Glass Art
72	6	Origami
73	6	Model Making
74	6	Product Design
75	7	Dance
76	7	Theater
77	7	Acting
78	7	Performance Art
79	7	Spoken Word
80	7	Puppetry
81	7	Mime
82	7	Circus Arts
83	8	Poetry
84	8	Fiction
85	8	Non-fiction
86	8	Drama
87	8	Short Story
88	8	Biography
89	8	Autobiography
90	8	Essay
91	8	Graphic Novel
92	8	Fantasy
93	8	Science Fiction
94	8	Mystery
95	8	Romance
96	8	Historical Fiction
97	8	Thriller
98	8	Horror
99	9	Haute Couture
100	9	Ready-to-Wear (Prêt-à-Porter)
101	9	Streetwear
102	9	Avant-Garde Fashion
103	9	Vintage / Retro Fashion
104	9	Sustainable / Eco-Fashion
105	9	Minimalist Fashion
106	9	Gothic Fashion
107	9	Bohemian (Boho) Fashion
108	9	Athleisure
109	9	Costume / Theatrical Fashion
110	9	Luxury Fashion
111	9	Children’s Fashion
112	9	Accessories Design
113	9	Digital / Virtual Fashion
114	4	Rock
115	4	Pop
116	4	Jazz
117	4	Classical
118	4	Hip Hop
119	4	Electronic
120	4	Reggae
121	4	Country
122	4	Blues
123	4	Funk
124	4	Metal
125	4	Soul
126	4	Disco
127	4	R&B
128	4	Techno
129	10	3D Animation
130	10	Stop Motion
131	10	Rotoscoping
132	10	Claymation
133	10	Cut-Out Animation
134	11	Logo Animation
135	11	Explainer Video
136	11	Visual Infographics
25	10	2D Animation
26	11	Typography Animation
\.


--
-- Data for Name: artwork_likes; Type: TABLE DATA; Schema: public; Owner: mondatelier
--

COPY public.artwork_likes (id, artwork_id, profile_id, created_at) FROM stdin;
1	\N	\N	2025-08-24 13:49:34.747+03
2	1	1	2025-08-24 13:51:44.728+03
\.


--
-- Data for Name: artwork_media; Type: TABLE DATA; Schema: public; Owner: mondatelier
--

COPY public.artwork_media (id, artwork_id, path, is_thumbnail) FROM stdin;
1	1	/visual/painting-10.jpeg	t
2	2	/visual/painting-18.jpeg	t
3	3	/visual/painting-19.jpeg	t
5	5	/watchable/cowpoke.mp4	t
4	4	/visual/painting-23.jpeg	t
6	6	/audible/H.mp3	f
7	7	/audible/song-ende-sommer24.mp3	f
9	6	/visual/tn_song2.png	t
8	7	/visual/tn_song.png	t
\.


--
-- Data for Name: artwork_types; Type: TABLE DATA; Schema: public; Owner: mondatelier
--

COPY public.artwork_types (artwork_id, art_type_id) FROM stdin;
1	5
2	5
3	5
4	5
4	6
5	25
6	51
6	116
7	119
7	51
\.


--
-- Data for Name: artworks; Type: TABLE DATA; Schema: public; Owner: mondatelier
--

COPY public.artworks (id, title, profile_id, art_category_id, salable, price, release_year, created_at, dimensions, duration) FROM stdin;
6	Hysteria	1	4	t	1200	2019	2025-07-05 05:23:48.194843+03	\N	450
7	Change in Summer	1	4	t	600	2024	2025-07-05 05:23:48.194843+03	\N	340
5	Cowpoke	1	10	f	\N	2020	2025-07-05 05:23:48.194843+03	\N	208
1	Heimweg	1	1	f	\N	2019	2025-07-05 05:23:48.194843+03	70 x 50 cm	\N
2	Moory Garden	1	1	t	800	2023	2025-07-05 05:23:48.194843+03	50 x 70 cm	\N
3	Surrounded	1	1	f	\N	2023	2025-07-05 05:23:48.194843+03	50 x 70 cm	\N
4	Entdeckung!	1	1	f	\N	2023	2025-07-05 05:23:48.194843+03	50 x 70 cm	\N
\.


--
-- Data for Name: cities; Type: TABLE DATA; Schema: public; Owner: mondatelier
--

COPY public.cities (id, name, country_id) FROM stdin;
4	Istanbul	179
5	Tirana	3
6	Durrës	3
7	Vlorë	3
8	Andorra la Vella	4
9	Escaldes‑Engordany	4
10	Vienna	10
11	Graz	10
12	Linz	10
13	Minsk	16
14	Gomel	16
15	Mogilev	16
16	Brussels	17
17	Antwerp	17
18	Ghent	17
19	Charleroi	17
20	Sofia	26
21	Plovdiv	26
22	Varna	26
23	Zagreb	42
24	Split	42
25	Rijeka	42
26	Prague	45
27	Brno	45
28	Ostrava	45
29	Copenhagen	46
30	Aarhus	46
31	Odense	46
32	Tallinn	55
33	Tartu	55
34	Helsinki	59
35	Espoo	59
36	Tampere	59
37	Paris	60
38	Marseille	60
39	Lyon	60
40	Toulouse	60
41	Berlin	64
42	Hamburg	64
43	Munich	64
44	Frankfurt	64
45	Athens	66
46	Thessaloniki	66
47	Patras	66
48	Budapest	74
49	Debrecen	74
50	Szeged	74
51	Dublin	80
52	Cork	80
53	Limerick	80
54	Rome	82
55	Milan	82
56	Naples	82
57	Turin	82
58	Riga	92
59	Daugavpils	92
60	Vilnius	98
61	Kaunas	98
62	Luxembourg	99
63	Amsterdam	121
64	Rotterdam	121
65	The Hague	121
66	Utrecht	121
67	Skopje	127
68	Bitola	127
69	Kumanovo	127
70	Oslo	128
71	Bergen	128
72	Trondheim	128
73	Warsaw	138
74	Kraków	138
75	Łódź	138
76	Lisbon	139
77	Porto	139
78	Coimbra	139
79	Bucharest	141
80	Cluj‑Napoca	141
81	Timișoara	141
82	Belgrade	152
83	Novi Sad	152
84	Niš	152
85	Bratislava	156
86	Košice	156
87	Prešov	156
88	Ljubljana	157
89	Maribor	157
90	Madrid	163
91	Barcelona	163
92	Valencia	163
93	Seville	163
94	Stockholm	167
95	Gothenburg	167
96	Malmö	167
97	Bern	168
98	Zurich	168
99	Geneva	168
100	Kyiv	183
101	Kharkiv	183
102	Odesa	183
103	London	185
104	Manchester	185
105	Birmingham	185
106	Glasgow	185
\.


--
-- Data for Name: continents; Type: TABLE DATA; Schema: public; Owner: mondatelier
--

COPY public.continents (id, name) FROM stdin;
1	Africa
2	Asia
3	Europe
4	North America
5	Oceania
6	South America
7	Antarctica
\.


--
-- Data for Name: countries; Type: TABLE DATA; Schema: public; Owner: mondatelier
--

COPY public.countries (id, name, continent_id) FROM stdin;
1	Afghanistan	2
2	Albania	3
3	Algeria	1
4	Andorra	3
5	Angola	1
6	Antigua and Barbuda	4
7	Argentina	6
8	Armenia	2
9	Australia	5
10	Austria	3
11	Azerbaijan	2
12	Bahamas	4
13	Bahrain	2
14	Bangladesh	2
15	Barbados	4
16	Belarus	3
17	Belgium	3
18	Belize	4
19	Benin	1
20	Bhutan	2
21	Bolivia	6
22	Bosnia and Herzegovina	3
23	Botswana	1
24	Brazil	6
25	Brunei	2
26	Bulgaria	3
27	Burkina Faso	1
28	Burundi	1
29	Cambodia	2
30	Cameroon	1
31	Canada	4
32	Cape Verde	1
33	Central African Republic	1
34	Chad	1
35	Chile	6
36	China	2
37	Colombia	6
38	Comoros	1
39	Congo (Brazzaville)	1
40	Congo (Kinshasa)	1
41	Costa Rica	4
42	Croatia	3
43	Cuba	4
44	Cyprus	2
45	Czech Republic	3
46	Denmark	3
47	Djibouti	1
48	Dominica	4
49	Dominican Republic	4
50	Ecuador	6
51	Egypt	1
52	El Salvador	4
53	Equatorial Guinea	1
54	Eritrea	1
55	Estonia	3
56	Eswatini	1
57	Ethiopia	1
58	Fiji	5
59	Finland	3
60	France	3
61	Gabon	1
62	Gambia	1
63	Georgia	2
64	Germany	3
65	Ghana	1
66	Greece	3
67	Grenada	4
68	Guatemala	4
69	Guinea	1
70	Guinea-Bissau	1
71	Guyana	6
72	Haiti	4
73	Honduras	4
74	Hungary	3
75	Iceland	3
76	India	2
77	Indonesia	2
78	Iran	2
79	Iraq	2
80	Ireland	3
81	Israel	2
82	Italy	3
83	Jamaica	4
84	Japan	2
85	Jordan	2
86	Kazakhstan	2
87	Kenya	1
88	Kiribati	5
89	Kuwait	2
90	Kyrgyzstan	2
91	Laos	2
92	Latvia	3
93	Lebanon	2
94	Lesotho	1
95	Liberia	1
96	Libya	1
97	Liechtenstein	3
98	Lithuania	3
99	Luxembourg	3
100	Madagascar	1
101	Malawi	1
102	Malaysia	2
103	Maldives	2
104	Mali	1
105	Malta	3
106	Marshall Islands	5
107	Mauritania	1
108	Mauritius	1
109	Mexico	4
110	Micronesia	5
111	Moldova	3
112	Monaco	3
113	Mongolia	2
114	Montenegro	3
115	Morocco	1
116	Mozambique	1
117	Myanmar	2
118	Namibia	1
119	Nauru	5
120	Nepal	2
121	Netherlands	3
122	New Zealand	5
123	Nicaragua	4
124	Niger	1
125	Nigeria	1
126	North Korea	2
127	North Macedonia	3
128	Norway	3
129	Oman	2
130	Pakistan	2
131	Palau	5
132	Palestine	2
133	Panama	4
134	Papua New Guinea	5
135	Paraguay	6
136	Peru	6
137	Philippines	2
138	Poland	3
139	Portugal	3
140	Qatar	2
141	Romania	3
142	Russia	3
143	Rwanda	1
144	Saint Kitts and Nevis	4
145	Saint Lucia	4
146	Saint Vincent and the Grenadines	4
147	Samoa	5
148	San Marino	3
149	Sao Tome and Principe	1
150	Saudi Arabia	2
151	Senegal	1
152	Serbia	3
153	Seychelles	1
154	Sierra Leone	1
155	Singapore	2
156	Slovakia	3
157	Slovenia	3
158	Solomon Islands	5
159	Somalia	1
160	South Africa	1
161	South Korea	2
162	South Sudan	1
163	Spain	3
164	Sri Lanka	2
165	Sudan	1
166	Suriname	6
167	Sweden	3
168	Switzerland	3
169	Syria	2
170	Taiwan	2
171	Tajikistan	2
172	Tanzania	1
173	Thailand	2
174	Timor-Leste	2
175	Togo	1
176	Tonga	5
177	Trinidad and Tobago	4
178	Tunisia	1
179	Turkey	3
180	Turkmenistan	2
181	Tuvalu	5
182	Uganda	1
183	Ukraine	3
184	United Arab Emirates	2
185	United Kingdom	3
186	United States	4
187	Uruguay	6
188	Uzbekistan	2
189	Vanuatu	5
190	Vatican City	3
191	Venezuela	6
192	Vietnam	2
193	Yemen	2
194	Zambia	1
195	Zimbabwe	1
\.


--
-- Data for Name: event_goers; Type: TABLE DATA; Schema: public; Owner: mondatelier
--

COPY public.event_goers (id, event_id, profile_id, created_at) FROM stdin;
\.


--
-- Data for Name: event_types; Type: TABLE DATA; Schema: public; Owner: mondatelier
--

COPY public.event_types (id, type) FROM stdin;
1	digital
2	physical
\.


--
-- Data for Name: events; Type: TABLE DATA; Schema: public; Owner: mondatelier
--

COPY public.events (id, title, type_id, city_id, description, created_at, updated_at, date, profile_id, thumbnail_url) FROM stdin;
evt5	Book Club Gathering	1	8	Monthly book club meet and discussion.	2025-07-12 15:54:06.740736+03	2025-07-12 15:54:06.740736+03	2026-11-12 20:00:00+03	1	/events/event3.jpg
evt2	Tech Innovators Meetup	2	5	Networking event for tech enthusiasts.	2025-07-12 15:54:06.740736+03	2025-07-12 15:54:06.740736+03	2026-03-10 15:00:00+03	1	/events/event5.png
evt1	Summer Music Festival	1	4	A vibrant outdoor music festival.	2025-07-12 15:54:06.740736+03	2025-07-12 15:54:06.740736+03	2026-06-15 21:00:00+03	1	/events/event5.png
evt3	Art & Wine Night	1	6	An evening of art displays and wine tasting.	2025-07-12 15:54:06.740736+03	2025-07-12 15:54:06.740736+03	2026-09-05 22:30:00+03	1	/events/event5.png
fee09872-c33f-4b34-9b3d-e7aa7737d5ff	new Event	2	10	adsasdasdasd	2025-08-23 21:16:38.576+03	2025-08-23 21:16:38.576+03	2025-08-24 03:00:00+03	1	/uploads/events/1755972998564_csm_rba_c024431_BSchultze_rubyrr_02_fa83970b80.jpg
18d83aa0-192a-4f55-9297-f655aa45fc3a	adf	2	10	asdf	2025-08-29 21:22:23.873+03	2025-08-29 21:22:23.873+03	2025-08-05 03:00:00+03	1	/events/1756491743859_IMGWAjpg
evt4	City Marathon	2	7	Annual city marathon open to all.	2025-07-12 15:54:06.740736+03	2025-07-12 15:54:06.740736+03	2026-04-22 10:00:00+03	1	/events/eventImg.jpg
8381e819-9aba-450d-8f83-d5789f17fb2b	Music Festival Opening	1	10	Kickoff concert with local bands.	2025-08-19 21:32:47.539492+03	2025-08-19 21:32:47.539492+03	2025-08-18 21:00:00+03	1	/events/eventImg.jpg
c9b98058-aab0-4a16-88bd-1d685347f770	Evening Jazz Session	1	10	Smooth live jazz to close the week.	2025-08-19 21:35:04.611794+03	2025-08-19 21:35:04.611794+03	2025-08-24 23:00:00+03	1	/events/event6.jpg
5821e197-2d51-4caa-b41d-a17d3e9d8958	Stand-up Comedy Night	2	10	Local comedians perform their best acts.	2025-08-19 21:33:44.561412+03	2025-08-19 21:33:44.561412+03	2025-08-22 00:00:00+03	1	/events/event6.jpg
ee290c00-f171-4fb8-8656-07de7307d511	Startup Workshop	1	10	Hands-on training for entrepreneurs.	2025-08-19 21:33:15.658786+03	2025-08-19 21:33:15.658786+03	2025-08-19 16:00:00+03	1	/events/eventImg.jpg
df1d5f60-ebc9-4e83-aa83-7d518ee46ab0	NEW	2	10	description	2025-08-23 21:22:38.421+03	2025-08-23 21:22:38.421+03	2025-08-23 03:00:00+03	1	/events/1755973358402_Franz_Marc_020.jpg
9b4aab12-448c-4f7f-b335-8a6c56fd3907	Startup Pitch Contest	2	10	Young entrepreneurs compete with their ideas.	2025-08-19 21:33:44.561412+03	2025-08-19 21:33:44.561412+03	2025-08-21 14:00:00+03	1	/events/eventImg.jpg
ab06b775-49c1-4d15-a338-eddab8615c21	Art Exhibition Opening	1	10	New works by emerging contemporary artists.	2025-08-19 21:34:11.681161+03	2025-08-19 21:34:11.681161+03	2025-08-23 16:00:00+03	1	/events/eventImg.jpg
528480ce-ec84-463c-aa7c-8bc467e74e4d	Business Breakfast	1	10	Morning networking for entrepreneurs.	2025-08-19 21:33:25.573371+03	2025-08-19 21:33:25.573371+03	2025-08-20 11:30:00+03	1	/events/event2.jpg
4fda251e-25c4-448b-987a-ecc4912dfc08	Movie Night Outdoors	2	10	Open-air screening of a classic film.	2025-08-19 21:34:11.681161+03	2025-08-19 21:34:11.681161+03	2025-08-24 00:00:00+03	1	/events/event3.jpg
118bcd2e-37d6-467f-b933-c6f292f84cd0	Film Screening	2	10	Independent short films presentation.	2025-08-19 21:33:15.658786+03	2025-08-19 21:33:15.658786+03	2025-08-19 22:00:00+03	1	/events/event5.png
6a810690-2abc-4ae9-bf7d-44ef1932d62c	Evening Yoga	2	10	Relaxing yoga session in the park.	2025-08-19 21:33:15.658786+03	2025-08-19 21:33:15.658786+03	2025-08-19 11:00:00+03	1	/events/event5.png
b157f0fd-6ba0-4984-a1f5-11a98ca416b7	Photography Workshop	2	10	Learn the basics of digital photography.	2025-08-19 21:33:25.573371+03	2025-08-19 21:33:25.573371+03	2025-08-20 18:00:00+03	1	/events/event4.png
e3606cdf-1126-4e56-bbbb-c86c37c274a9	Tech Meetup	2	10	Developers and IT professionals gather to share knowledge.	2025-08-19 21:33:57.786664+03	2025-08-19 21:33:57.786664+03	2025-08-22 17:00:00+03	1	/events/event5.png
1d0b0680-ca2e-4ad9-887d-48594c057859	Farmers Market	2	10	Fresh local produce and handmade goods.	2025-08-19 21:34:11.681161+03	2025-08-19 21:34:11.681161+03	2025-08-23 12:00:00+03	1	/events/event6.jpg
18150191-551f-4744-9c24-128745a8cc9f	Sunday Brunch Gathering	1	10	Casual community brunch with local food.	2025-08-19 21:35:04.611794+03	2025-08-19 21:35:04.611794+03	2025-08-24 14:00:00+03	1	/events/event6.jpg
5dfa7f48-6d0c-495a-b79b-8b216f904b7e	Live Jazz Night	1	10	An evening of smooth live jazz music.	2025-08-19 21:33:25.573371+03	2025-08-19 21:33:25.573371+03	2025-08-20 23:00:00+03	1	/events/event4.png
61be2068-acd0-4e95-b6f5-55d5b9706472	Food Truck Festival	1	10	Street food from around the world.	2025-08-19 21:33:44.561412+03	2025-08-19 21:33:44.561412+03	2025-08-21 19:00:00+03	1	/events/event5.png
e289d39b-4a42-48e1-b8d2-e021036f2c9a	Morning Yoga in the Park	1	10	Relaxing yoga session to start your day.	2025-08-19 21:33:57.786664+03	2025-08-19 21:33:57.786664+03	2025-08-22 10:30:00+03	1	/events/event6.jpg
4598d185-e5af-4d28-9433-62cb0ad79527	Rock Concert	1	10	Live rock music with local bands.	2025-08-19 21:33:57.786664+03	2025-08-19 21:33:57.786664+03	2025-08-22 23:30:00+03	1	/events/event5.png
c2895c42-dcd9-46bf-b438-12938e2fac01	Local Football Match	2	10	Friendly football game at the stadium.	2025-08-19 21:35:04.611794+03	2025-08-19 21:35:04.611794+03	2025-08-24 19:00:00+03	1	/events/event4.png
7bd99f8b-87ba-4ca9-90af-679c7c559103	Summer Jazz Night	2	10	Join us for an evening of smooth jazz under the stars. Featuring local talents and special guests. Drinks and food available.	2025-08-19 21:53:40.60889+03	2025-08-19 21:53:40.60889+03	2025-08-18 17:18:34.529911+03	1	/events/event2.jpg
bc720ed7-4a78-4903-b5e6-e2774f621226	Tech Startups Workshop	2	10	A hands-on workshop for aspiring entrepreneurs. Learn how to validate your idea, build an MVP, and pitch to investors.	2025-08-19 21:53:40.60889+03	2025-08-19 21:53:40.60889+03	2025-08-18 17:59:55.181444+03	1	/events/event5.png
a54fd0a8-58b0-40e1-9b30-d7ba2c6cdea3	Local Artisans Market	2	10	Discover unique handcrafted goods, from pottery and jewelry to fine art and homemade delicacies. Support local creators!	2025-08-19 21:53:40.60889+03	2025-08-19 21:53:40.60889+03	2025-08-18 20:23:43.003719+03	1	/events/event5.png
a55aa0b6-c567-48b8-b1bb-9caa34c741ad	new event	2	10	a very very long description a very very long description a very very long description a very very long description a very very long description a very very long description a very very long description a very very long description a very very long description a very very long description a very very long description a very very long description a very very long description a very very long description a very very long description a very very long description a very very long description a very very long description a very very long description a very very long description	2025-08-23 21:24:27.575+03	2025-08-23 21:24:27.575+03	2025-08-24 03:00:00+03	1	/events/1755973467571_Jan_Vermeer_-_The_Art_of_Painting_-_Google_Art_Project.jpg
2570f4de-5bd1-43b5-907f-bd4a40b1579c	History Museum Tour	2	10	A guided tour of the new exhibit: "The Last Century". Explore rare artifacts and untold stories.	2025-08-19 21:53:40.60889+03	2025-08-19 21:53:40.60889+03	2025-08-19 20:56:04.333552+03	1	/events/eventImg.jpg
0e5a6f08-4f17-47c2-b1ee-e871ae767dd7	Vintage Vinyl Fair	1	10	Dig for hidden treasures! Buy, sell, and trade vinyl records from all genres and eras. Dealers from across the region.	2025-08-19 21:53:40.60889+03	2025-08-19 21:53:40.60889+03	2025-08-20 13:35:39.57431+03	1	/events/eventImg.jpg
f948e027-e301-4d23-a2f2-f078052323fe	Indie Film Screening	2	10	Screening of the award-winning independent film "Silent Echoes". Followed by a Q&A with the director.	2025-08-19 21:53:40.60889+03	2025-08-19 21:53:40.60889+03	2025-08-20 20:26:09.353196+03	1	/events/eventImg.jpg
13eaa253-23ce-4fc3-b4bf-e2df0feceac8	Food Truck Festival	1	10	A gathering of the city's best food trucks. Enjoy a diverse range of gourmet street food, desserts, and drinks in the park.	2025-08-19 21:53:40.60889+03	2025-08-19 21:53:40.60889+03	2025-08-21 13:58:40.948003+03	1	/events/eventImg.jpg
78859082-fba0-46c6-8cc4-708156f52a23	Late Night Board Games	2	10	A huge selection of board games, from strategy classics to new party games. Coffee, snacks, and good company provided.	2025-08-19 21:53:40.60889+03	2025-08-19 21:53:40.60889+03	2025-08-22 13:11:26.997649+03	1	/events/eventImg.jpg
9dcfb951-0b16-4482-b166-b04d05d93794	Sunset Symphony in the Park	1	10	The City Orchestra performs a free concert of popular classical pieces as the sun sets. Bring a blanket and a picnic.	2025-08-19 21:53:40.60889+03	2025-08-19 21:53:40.60889+03	2025-08-24 19:31:01.171849+03	1	/events/eventImg.jpg
c2594470-761d-4a64-801e-049d255d9705	Watercolor Painting Workshop	1	10	A relaxing workshop for beginners. Learn basic watercolor techniques and create your own masterpiece to take home. All materials included.	2025-08-19 21:53:40.60889+03	2025-08-19 21:53:40.60889+03	2025-08-24 16:47:34.271948+03	1	/events/event6.jpg
a37dbbd5-0951-47f5-8a28-e63ca2676577	Farmer's Market & Brunch	2	10	Shop for fresh, local produce, baked goods, and flowers. Then stay for a delicious farm-to-table brunch served onsite.	2025-08-19 21:53:40.60889+03	2025-08-19 21:53:40.60889+03	2025-08-24 19:17:53.840498+03	1	/events/event2.jpg
93a2201f-8b8a-4f01-8604-e91e5f32769a	Craft Beer Tasting	1	10	Sample a flight of the finest local and international craft beers. Experts will guide you through the flavors and brewing process.	2025-08-19 21:53:40.60889+03	2025-08-19 21:53:40.60889+03	2025-08-19 18:29:00.551236+03	1	/events/event4.png
cbfa2782-4ea6-4a96-9d21-e01c844e490c	Salsa Dance Lesson	1	10	Learn the basic steps of salsa in a fun, social environment. No partner or experience necessary. Just bring your energy!	2025-08-19 21:53:40.60889+03	2025-08-19 21:53:40.60889+03	2025-08-20 17:08:40.770718+03	1	/events/event4.png
4a364239-e515-4518-9ca3-ec9fc410653e	Poetry Reading: Urban Voices	1	10	Local poets share their work exploring themes of city life, identity, and modern society in an intimate setting.	2025-08-19 21:53:40.60889+03	2025-08-19 21:53:40.60889+03	2025-08-21 18:01:47.781705+03	1	/events/event5.png
c4f50ff6-33f0-4b85-a4f5-1c31c5a9a164	Astronomy Night	1	10	Astronomers from the university will have high-powered telescopes set up for public viewing of planets and deep-sky objects.	2025-08-19 21:53:40.60889+03	2025-08-19 21:53:40.60889+03	2025-08-23 22:58:07.586595+03	1	/events/event4.png
5c925cfb-e304-4902-8aa9-54ad17dac96f	Book Club Meeting	1	10	This month's book: "The Midnight Library" by Matt Haig. New members are always welcome for a lively discussion!	2025-08-19 21:53:40.60889+03	2025-08-19 21:53:40.60889+03	2025-08-24 19:58:30.485993+03	1	/events/event5.png
0686b31f-9e52-4ae7-880c-96692c1a07e8	Sunset Yoga Class	2	10	Unwind and find your center with a relaxing yoga session as the sun goes down. All skill levels welcome. Mats provided.	2025-08-19 21:53:40.60889+03	2025-08-19 21:53:40.60889+03	2025-08-18 13:36:03.081535+03	1	/events/event6.jpg
f7c45fae-9aba-43b7-9f80-a11f3fe36a2c	Rooftop Lounge Party	2	10	Enjoy signature cocktails, ambient music, and stunning city views at the exclusive rooftop lounge. Dress code: Smart Casual.	2025-08-19 21:53:40.60889+03	2025-08-19 21:53:40.60889+03	2025-08-21 22:40:59.568106+03	1	/events/event5.png
0f832385-7a89-470e-9dce-2923c5fa4890	Live Podcast Recording	1	10	Be part of the studio audience for a live recording of the popular podcast "Future Talks". Special guest speaker announced soon.	2025-08-19 21:53:40.60889+03	2025-08-19 21:53:40.60889+03	2025-08-22 15:14:48.681295+03	1	/events/event6.jpg
1f651e02-9e99-4dc6-a563-21efe00d72d2	newest event	2	10	hi	2025-08-30 15:28:13.604+03	2025-08-30 15:28:13.604+03	2025-08-31 03:00:00+03	1	/events/1756556893598_IMGWAjpg
0b2ef41a-2040-45c3-8b89-34604a39ce0b	nn	2	10	nn	2025-08-30 15:29:49.131+03	2025-08-30 15:29:49.131+03	2025-09-01 03:00:00+03	1	/events/1756556989129_Screenshotatpng
\.


--
-- Data for Name: events_likes; Type: TABLE DATA; Schema: public; Owner: mondatelier
--

COPY public.events_likes (id, event_id, liker_profile_id, created_at) FROM stdin;
\.


--
-- Data for Name: freelances; Type: TABLE DATA; Schema: public; Owner: mondatelier
--

COPY public.freelances (id, profile_id, art_category_id, description, created_at) FROM stdin;
1	1	4	\N	2025-07-13 14:06:51.484966+03
2	1	5	\N	2025-07-13 14:06:51.484966+03
\.


--
-- Data for Name: languages; Type: TABLE DATA; Schema: public; Owner: mondatelier
--

COPY public.languages (id, name) FROM stdin;
1	EN
2	DE
\.


--
-- Data for Name: logs; Type: TABLE DATA; Schema: public; Owner: mondatelier
--

COPY public.logs (id, "time", type, message) FROM stdin;
215	2025-08-03 12:38:17.193302+03	ERROR	Runtime Error: Cannot invoke "com.cakmak.mondatelier.Model.City.getName()" because the return value of "com.cakmak.mondatelier.Model.Masterclass.getCity()" is null
214	2025-08-03 12:38:17.193301+03	ERROR	Runtime Error: Cannot invoke "com.cakmak.mondatelier.Model.City.getName()" because the return value of "com.cakmak.mondatelier.Model.Masterclass.getCity()" is null
218	2025-08-14 21:24:38.571206+03	ERROR	Runtime Error: Cannot invoke "com.cakmak.mondatelier.Model.City.getName()" because the return value of "com.cakmak.mondatelier.Model.Masterclass.getCity()" is null
220	2025-08-19 17:47:50.160722+03	ERROR	Runtime Error: Cannot invoke "com.cakmak.mondatelier.Model.City.getName()" because the return value of "com.cakmak.mondatelier.Model.Masterclass.getCity()" is null
222	2025-08-19 18:01:11.230131+03	ERROR	Runtime Error: Cannot invoke "com.cakmak.mondatelier.Model.City.getName()" because the return value of "com.cakmak.mondatelier.Model.Masterclass.getCity()" is null
223	2025-08-19 18:01:11.261317+03	ERROR	Runtime Error: Cannot invoke "com.cakmak.mondatelier.Model.City.getName()" because the return value of "com.cakmak.mondatelier.Model.Masterclass.getCity()" is null
243	2025-08-23 09:30:54.020611+03	ERROR	Runtime Error: JDBC exception executing SQL [/* SELECT e FROM Event e WHERE e.city = :city AND FUNCTION('MONTH', e.date) = :month AND FUNCTION('YEAR', e.date) = :year */ select e1_0.id,e1_0.city_id,e1_0.created_at,e1_0.date,e1_0.description,e1_0.profile_id,e1_0.thumbnail_url,e1_0.title,e1_0.type_id,e1_0.updated_at from events e1_0 where e1_0.city_id=? and month(e1_0.date)=? and year(e1_0.date)=?] [ERROR: function month(timestamp with time zone) does not exist\n  Hint: No function matches the given name and argument types. You might need to add explicit type casts.\n  Position: 315] [n/a]; SQL [n/a]
245	2025-08-23 09:32:26.969045+03	ERROR	Runtime Error: JDBC exception executing SQL [/* SELECT e FROM Event e WHERE e.city = :city AND FUNCTION('MONTH', e.date) = :month AND FUNCTION('YEAR', e.date) = :year */ select e1_0.id,e1_0.city_id,e1_0.created_at,e1_0.date,e1_0.description,e1_0.profile_id,e1_0.thumbnail_url,e1_0.title,e1_0.type_id,e1_0.updated_at from events e1_0 where e1_0.city_id=? and month(e1_0.date)=? and year(e1_0.date)=?] [ERROR: function month(timestamp with time zone) does not exist\n  Hint: No function matches the given name and argument types. You might need to add explicit type casts.\n  Position: 315] [n/a]; SQL [n/a]
246	2025-08-23 09:32:30.566396+03	ERROR	Runtime Error: JDBC exception executing SQL [/* SELECT e FROM Event e WHERE e.city = :city AND FUNCTION('MONTH', e.date) = :month AND FUNCTION('YEAR', e.date) = :year */ select e1_0.id,e1_0.city_id,e1_0.created_at,e1_0.date,e1_0.description,e1_0.profile_id,e1_0.thumbnail_url,e1_0.title,e1_0.type_id,e1_0.updated_at from events e1_0 where e1_0.city_id=? and month(e1_0.date)=? and year(e1_0.date)=?] [ERROR: function month(timestamp with time zone) does not exist\n  Hint: No function matches the given name and argument types. You might need to add explicit type casts.\n  Position: 315] [n/a]; SQL [n/a]
247	2025-08-23 09:32:32.714653+03	ERROR	Runtime Error: JDBC exception executing SQL [/* SELECT e FROM Event e WHERE e.city = :city AND FUNCTION('MONTH', e.date) = :month AND FUNCTION('YEAR', e.date) = :year */ select e1_0.id,e1_0.city_id,e1_0.created_at,e1_0.date,e1_0.description,e1_0.profile_id,e1_0.thumbnail_url,e1_0.title,e1_0.type_id,e1_0.updated_at from events e1_0 where e1_0.city_id=? and month(e1_0.date)=? and year(e1_0.date)=?] [ERROR: function month(timestamp with time zone) does not exist\n  Hint: No function matches the given name and argument types. You might need to add explicit type casts.\n  Position: 315] [n/a]; SQL [n/a]
248	2025-08-23 09:32:40.640923+03	ERROR	Runtime Error: JDBC exception executing SQL [/* SELECT e FROM Event e WHERE e.city = :city AND FUNCTION('MONTH', e.date) = :month AND FUNCTION('YEAR', e.date) = :year */ select e1_0.id,e1_0.city_id,e1_0.created_at,e1_0.date,e1_0.description,e1_0.profile_id,e1_0.thumbnail_url,e1_0.title,e1_0.type_id,e1_0.updated_at from events e1_0 where e1_0.city_id=? and month(e1_0.date)=? and year(e1_0.date)=?] [ERROR: function month(timestamp with time zone) does not exist\n  Hint: No function matches the given name and argument types. You might need to add explicit type casts.\n  Position: 315] [n/a]; SQL [n/a]
250	2025-08-23 09:32:44.495723+03	ERROR	Runtime Error: JDBC exception executing SQL [/* SELECT e FROM Event e WHERE e.city = :city AND FUNCTION('MONTH', e.date) = :month AND FUNCTION('YEAR', e.date) = :year */ select e1_0.id,e1_0.city_id,e1_0.created_at,e1_0.date,e1_0.description,e1_0.profile_id,e1_0.thumbnail_url,e1_0.title,e1_0.type_id,e1_0.updated_at from events e1_0 where e1_0.city_id=? and month(e1_0.date)=? and year(e1_0.date)=?] [ERROR: function month(timestamp with time zone) does not exist\n  Hint: No function matches the given name and argument types. You might need to add explicit type casts.\n  Position: 315] [n/a]; SQL [n/a]
251	2025-08-23 09:32:47.934911+03	ERROR	Runtime Error: JDBC exception executing SQL [/* SELECT e FROM Event e WHERE e.city = :city AND FUNCTION('MONTH', e.date) = :month AND FUNCTION('YEAR', e.date) = :year */ select e1_0.id,e1_0.city_id,e1_0.created_at,e1_0.date,e1_0.description,e1_0.profile_id,e1_0.thumbnail_url,e1_0.title,e1_0.type_id,e1_0.updated_at from events e1_0 where e1_0.city_id=? and month(e1_0.date)=? and year(e1_0.date)=?] [ERROR: function month(timestamp with time zone) does not exist\n  Hint: No function matches the given name and argument types. You might need to add explicit type casts.\n  Position: 315] [n/a]; SQL [n/a]
252	2025-08-23 09:32:50.093854+03	ERROR	Runtime Error: JDBC exception executing SQL [/* SELECT e FROM Event e WHERE e.city = :city AND FUNCTION('MONTH', e.date) = :month AND FUNCTION('YEAR', e.date) = :year */ select e1_0.id,e1_0.city_id,e1_0.created_at,e1_0.date,e1_0.description,e1_0.profile_id,e1_0.thumbnail_url,e1_0.title,e1_0.type_id,e1_0.updated_at from events e1_0 where e1_0.city_id=? and month(e1_0.date)=? and year(e1_0.date)=?] [ERROR: function month(timestamp with time zone) does not exist\n  Hint: No function matches the given name and argument types. You might need to add explicit type casts.\n  Position: 315] [n/a]; SQL [n/a]
253	2025-08-23 09:32:52.078872+03	ERROR	Runtime Error: JDBC exception executing SQL [/* SELECT e FROM Event e WHERE e.city = :city AND FUNCTION('MONTH', e.date) = :month AND FUNCTION('YEAR', e.date) = :year */ select e1_0.id,e1_0.city_id,e1_0.created_at,e1_0.date,e1_0.description,e1_0.profile_id,e1_0.thumbnail_url,e1_0.title,e1_0.type_id,e1_0.updated_at from events e1_0 where e1_0.city_id=? and month(e1_0.date)=? and year(e1_0.date)=?] [ERROR: function month(timestamp with time zone) does not exist\n  Hint: No function matches the given name and argument types. You might need to add explicit type casts.\n  Position: 315] [n/a]; SQL [n/a]
266	2025-08-23 11:08:16.57424+03	ERROR	Runtime Error: Cannot invoke "com.cakmak.mondatelier.Model.City.getName()" because the return value of "com.cakmak.mondatelier.Model.Masterclass.getCity()" is null
270	2025-08-23 11:09:08.651512+03	ERROR	Runtime Error: Cannot invoke "com.cakmak.mondatelier.Model.City.getName()" because the return value of "com.cakmak.mondatelier.Model.Masterclass.getCity()" is null
272	2025-08-23 11:14:03.85538+03	ERROR	Runtime Error: Cannot invoke "com.cakmak.mondatelier.Model.City.getName()" because the return value of "com.cakmak.mondatelier.Model.Masterclass.getCity()" is null
275	2025-08-23 11:14:07.753403+03	ERROR	Runtime Error: Cannot invoke "com.cakmak.mondatelier.Model.City.getName()" because the return value of "com.cakmak.mondatelier.Model.Masterclass.getCity()" is null
216	2025-08-03 12:40:05.456024+03	ERROR	Runtime Error: Cannot invoke "com.cakmak.mondatelier.Model.City.getName()" because the return value of "com.cakmak.mondatelier.Model.Masterclass.getCity()" is null
219	2025-08-14 21:24:38.602654+03	ERROR	Runtime Error: Cannot invoke "com.cakmak.mondatelier.Model.City.getName()" because the return value of "com.cakmak.mondatelier.Model.Masterclass.getCity()" is null
221	2025-08-19 17:47:50.158653+03	ERROR	Runtime Error: Cannot invoke "com.cakmak.mondatelier.Model.City.getName()" because the return value of "com.cakmak.mondatelier.Model.Masterclass.getCity()" is null
244	2025-08-23 09:32:24.497567+03	ERROR	Runtime Error: JDBC exception executing SQL [/* SELECT e FROM Event e WHERE e.city = :city AND FUNCTION('MONTH', e.date) = :month AND FUNCTION('YEAR', e.date) = :year */ select e1_0.id,e1_0.city_id,e1_0.created_at,e1_0.date,e1_0.description,e1_0.profile_id,e1_0.thumbnail_url,e1_0.title,e1_0.type_id,e1_0.updated_at from events e1_0 where e1_0.city_id=? and month(e1_0.date)=? and year(e1_0.date)=?] [ERROR: function month(timestamp with time zone) does not exist\n  Hint: No function matches the given name and argument types. You might need to add explicit type casts.\n  Position: 315] [n/a]; SQL [n/a]
249	2025-08-23 09:32:42.218873+03	ERROR	Runtime Error: JDBC exception executing SQL [/* SELECT e FROM Event e WHERE e.city = :city AND FUNCTION('MONTH', e.date) = :month AND FUNCTION('YEAR', e.date) = :year */ select e1_0.id,e1_0.city_id,e1_0.created_at,e1_0.date,e1_0.description,e1_0.profile_id,e1_0.thumbnail_url,e1_0.title,e1_0.type_id,e1_0.updated_at from events e1_0 where e1_0.city_id=? and month(e1_0.date)=? and year(e1_0.date)=?] [ERROR: function month(timestamp with time zone) does not exist\n  Hint: No function matches the given name and argument types. You might need to add explicit type casts.\n  Position: 315] [n/a]; SQL [n/a]
267	2025-08-23 11:08:16.587751+03	ERROR	Runtime Error: Cannot invoke "com.cakmak.mondatelier.Model.City.getName()" because the return value of "com.cakmak.mondatelier.Model.Masterclass.getCity()" is null
268	2025-08-23 11:09:04.552627+03	ERROR	Runtime Error: Cannot invoke "com.cakmak.mondatelier.Model.City.getName()" because the return value of "com.cakmak.mondatelier.Model.Masterclass.getCity()" is null
273	2025-08-23 11:14:03.867776+03	ERROR	Runtime Error: Cannot invoke "com.cakmak.mondatelier.Model.City.getName()" because the return value of "com.cakmak.mondatelier.Model.Masterclass.getCity()" is null
288	2025-08-23 12:01:35.099053+03	ERROR	Runtime Error: Cannot invoke "com.cakmak.mondatelier.Model.City.getName()" because the return value of "com.cakmak.mondatelier.Model.Masterclass.getCity()" is null
303	2025-08-23 16:02:36.805186+03	ERROR	Runtime Error: Cannot invoke "com.cakmak.mondatelier.Model.City.getName()" because the return value of "com.cakmak.mondatelier.Model.Masterclass.getCity()" is null
316	2025-08-23 18:30:21.71896+03	ERROR	Runtime Error: Cannot invoke "com.cakmak.mondatelier.Model.City.getName()" because the return value of "com.cakmak.mondatelier.Model.Masterclass.getCity()" is null
328	2025-08-23 19:39:00.591574+03	ERROR	Runtime Error: Cannot invoke "com.cakmak.mondatelier.Model.City.getName()" because the return value of "com.cakmak.mondatelier.Model.Masterclass.getCity()" is null
333	2025-08-23 19:39:44.384131+03	ERROR	Runtime Error: Cannot invoke "com.cakmak.mondatelier.Model.City.getName()" because the return value of "com.cakmak.mondatelier.Model.Masterclass.getCity()" is null
334	2025-08-23 19:44:23.198748+03	ERROR	Runtime Error: Cannot invoke "com.cakmak.mondatelier.Model.City.getName()" because the return value of "com.cakmak.mondatelier.Model.Masterclass.getCity()" is null
337	2025-08-23 19:49:35.195319+03	ERROR	Runtime Error: Cannot invoke "com.cakmak.mondatelier.Model.City.getName()" because the return value of "com.cakmak.mondatelier.Model.Masterclass.getCity()" is null
352	2025-08-23 20:00:31.330169+03	ERROR	Runtime Error: Cannot invoke "com.cakmak.mondatelier.Model.City.getName()" because the return value of "com.cakmak.mondatelier.Model.Masterclass.getCity()" is null
375	2025-08-23 20:24:27.883716+03	ERROR	Runtime Error: Cannot invoke "com.cakmak.mondatelier.Model.City.getName()" because the return value of "com.cakmak.mondatelier.Model.Masterclass.getCity()" is null
384	2025-08-23 21:21:16.336943+03	ERROR	Runtime Error: Event not found
388	2025-08-23 21:21:22.921336+03	ERROR	Runtime Error: Event not found
408	2025-08-23 22:21:44.241645+03	ERROR	Runtime Error: Cannot invoke "com.cakmak.mondatelier.Model.City.getName()" because the return value of "com.cakmak.mondatelier.Model.Masterclass.getCity()" is null
407	2025-08-23 22:21:44.241634+03	ERROR	Runtime Error: Cannot invoke "com.cakmak.mondatelier.Model.City.getName()" because the return value of "com.cakmak.mondatelier.Model.Masterclass.getCity()" is null
428	2025-08-24 10:06:41.773318+03	ERROR	Runtime Error: Cannot invoke "com.cakmak.mondatelier.Model.City.getName()" because the return value of "com.cakmak.mondatelier.Model.Masterclass.getCity()" is null
429	2025-08-24 10:06:41.79406+03	ERROR	Runtime Error: Cannot invoke "com.cakmak.mondatelier.Model.City.getName()" because the return value of "com.cakmak.mondatelier.Model.Masterclass.getCity()" is null
458	2025-08-24 14:23:50.738325+03	ERROR	Runtime Error: JWT strings must contain exactly 2 period characters. Found: 0
465	2025-08-24 14:31:42.198445+03	ERROR	Runtime Error: Bad credentials
476	2025-08-24 14:43:21.588526+03	ERROR	Runtime Error: Cannot invoke "com.cakmak.mondatelier.Model.City.getName()" because the return value of "com.cakmak.mondatelier.Model.Masterclass.getCity()" is null
478	2025-08-24 14:43:47.792662+03	ERROR	Runtime Error: Cannot invoke "com.cakmak.mondatelier.Model.City.getName()" because the return value of "com.cakmak.mondatelier.Model.Masterclass.getCity()" is null
493	2025-08-24 15:19:12.971337+03	ERROR	Runtime Error: Cannot invoke "com.cakmak.mondatelier.enums.ProfileTypes.getValue()" because the return value of "com.cakmak.mondatelier.Model.Profile.getType()" is null
507	2025-08-24 18:41:42.192604+03	ERROR	Runtime Error: Cannot invoke "com.cakmak.mondatelier.Model.City.getName()" because the return value of "com.cakmak.mondatelier.Model.Masterclass.getCity()" is null
527	2025-08-24 19:04:39.82636+03	ERROR	Runtime Error: Cannot invoke "com.cakmak.mondatelier.Model.City.getName()" because the return value of "com.cakmak.mondatelier.Model.Masterclass.getCity()" is null
553	2025-08-24 20:17:20.362635+03	ERROR	Runtime Error: Cannot invoke "com.cakmak.mondatelier.Model.City.getName()" because the return value of "com.cakmak.mondatelier.Model.Masterclass.getCity()" is null
554	2025-08-24 20:17:20.375029+03	ERROR	Runtime Error: Cannot invoke "com.cakmak.mondatelier.Model.City.getName()" because the return value of "com.cakmak.mondatelier.Model.Masterclass.getCity()" is null
565	2025-08-25 22:13:25.136855+03	ERROR	Runtime Error: Failed to parse multipart servlet request
566	2025-08-25 22:14:12.10975+03	ERROR	Runtime Error: Cannot invoke "com.cakmak.mondatelier.Model.City.getName()" because the return value of "com.cakmak.mondatelier.Model.Masterclass.getCity()" is null
585	2025-08-25 22:26:27.942612+03	ERROR	Runtime Error: Cannot invoke "com.cakmak.mondatelier.Model.City.getName()" because the return value of "com.cakmak.mondatelier.Model.Masterclass.getCity()" is null
601	2025-08-26 23:10:28.482237+03	ERROR	Runtime Error: Event not found
701	2025-08-29 16:47:00.384564+03	ERROR	Runtime Error: Bad credentials
217	2025-08-03 12:40:05.471848+03	ERROR	Runtime Error: Cannot invoke "com.cakmak.mondatelier.Model.City.getName()" because the return value of "com.cakmak.mondatelier.Model.Masterclass.getCity()" is null
224	2025-08-19 19:11:22.879853+03	ERROR	Runtime Error: Cannot invoke "com.cakmak.mondatelier.Model.City.getName()" because the return value of "com.cakmak.mondatelier.Model.Masterclass.getCity()" is null
225	2025-08-19 19:11:22.879795+03	ERROR	Runtime Error: Cannot invoke "com.cakmak.mondatelier.Model.City.getName()" because the return value of "com.cakmak.mondatelier.Model.Masterclass.getCity()" is null
226	2025-08-19 19:13:54.775032+03	ERROR	Runtime Error: Cannot invoke "com.cakmak.mondatelier.Model.City.getName()" because the return value of "com.cakmak.mondatelier.Model.Masterclass.getCity()" is null
255	2025-08-23 10:50:25.205881+03	ERROR	Runtime Error: Cannot invoke "com.cakmak.mondatelier.Model.City.getName()" because the return value of "com.cakmak.mondatelier.Model.Masterclass.getCity()" is null
254	2025-08-23 10:50:25.205881+03	ERROR	Runtime Error: Cannot invoke "com.cakmak.mondatelier.Model.City.getName()" because the return value of "com.cakmak.mondatelier.Model.Masterclass.getCity()" is null
269	2025-08-23 11:09:04.552627+03	ERROR	Runtime Error: Cannot invoke "com.cakmak.mondatelier.Model.City.getName()" because the return value of "com.cakmak.mondatelier.Model.Masterclass.getCity()" is null
274	2025-08-23 11:14:07.75339+03	ERROR	Runtime Error: Cannot invoke "com.cakmak.mondatelier.Model.City.getName()" because the return value of "com.cakmak.mondatelier.Model.Masterclass.getCity()" is null
276	2025-08-23 11:15:48.233267+03	ERROR	Runtime Error: JDBC exception executing SQL [/* SELECT e FROM Event e WHERE e.city = :city AND FUNCTION('MONTH', e.date) = :month AND FUNCTION('YEAR', e.date) = :year */ select e1_0.id,e1_0.city_id,e1_0.created_at,e1_0.date,e1_0.description,e1_0.profile_id,e1_0.thumbnail_url,e1_0.title,e1_0.type_id,e1_0.updated_at from events e1_0 where e1_0.city_id=? and month(e1_0.date)=? and year(e1_0.date)=?] [ERROR: function month(timestamp with time zone) does not exist\n  Hint: No function matches the given name and argument types. You might need to add explicit type casts.\n  Position: 315] [n/a]; SQL [n/a]
287	2025-08-23 12:01:35.101311+03	ERROR	Runtime Error: Cannot invoke "com.cakmak.mondatelier.Model.City.getName()" because the return value of "com.cakmak.mondatelier.Model.Masterclass.getCity()" is null
302	2025-08-23 16:02:36.805186+03	ERROR	Runtime Error: Cannot invoke "com.cakmak.mondatelier.Model.City.getName()" because the return value of "com.cakmak.mondatelier.Model.Masterclass.getCity()" is null
317	2025-08-23 18:30:21.751467+03	ERROR	Runtime Error: Cannot invoke "com.cakmak.mondatelier.Model.City.getName()" because the return value of "com.cakmak.mondatelier.Model.Masterclass.getCity()" is null
329	2025-08-23 19:39:00.612423+03	ERROR	Runtime Error: Cannot invoke "com.cakmak.mondatelier.Model.City.getName()" because the return value of "com.cakmak.mondatelier.Model.Masterclass.getCity()" is null
343	2025-08-23 19:59:26.22228+03	ERROR	Runtime Error: Cannot invoke "com.cakmak.mondatelier.Model.City.getName()" because the return value of "com.cakmak.mondatelier.Model.Masterclass.getCity()" is null
350	2025-08-23 20:00:05.996553+03	ERROR	Runtime Error: Cannot invoke "com.cakmak.mondatelier.Model.City.getName()" because the return value of "com.cakmak.mondatelier.Model.Masterclass.getCity()" is null
356	2025-08-23 20:01:56.082074+03	ERROR	Runtime Error: Cannot invoke "com.cakmak.mondatelier.Model.City.getName()" because the return value of "com.cakmak.mondatelier.Model.Masterclass.getCity()" is null
359	2025-08-23 20:02:00.789423+03	ERROR	Runtime Error: Cannot invoke "com.cakmak.mondatelier.Model.City.getName()" because the return value of "com.cakmak.mondatelier.Model.Masterclass.getCity()" is null
376	2025-08-23 20:35:16.955659+03	ERROR	Runtime Error: Cannot invoke "com.cakmak.mondatelier.Model.City.getName()" because the return value of "com.cakmak.mondatelier.Model.Masterclass.getCity()" is null
386	2025-08-23 21:21:16.335726+03	ERROR	Runtime Error: Event not found
390	2025-08-23 21:21:22.921347+03	ERROR	Runtime Error: Event not found
410	2025-08-23 22:29:54.337704+03	ERROR	Runtime Error: Cannot invoke "com.cakmak.mondatelier.Model.City.getName()" because the return value of "com.cakmak.mondatelier.Model.Masterclass.getCity()" is null
430	2025-08-24 12:20:58.740645+03	ERROR	Runtime Error: Cannot invoke "com.cakmak.mondatelier.Model.City.getName()" because the return value of "com.cakmak.mondatelier.Model.Masterclass.getCity()" is null
431	2025-08-24 12:20:58.781356+03	ERROR	Runtime Error: Cannot invoke "com.cakmak.mondatelier.Model.City.getName()" because the return value of "com.cakmak.mondatelier.Model.Masterclass.getCity()" is null
460	2025-08-24 14:26:02.378942+03	ERROR	Runtime Error: Cannot invoke "com.cakmak.mondatelier.Model.City.getName()" because the return value of "com.cakmak.mondatelier.Model.Masterclass.getCity()" is null
479	2025-08-24 14:43:47.793321+03	ERROR	Runtime Error: Cannot invoke "com.cakmak.mondatelier.Model.City.getName()" because the return value of "com.cakmak.mondatelier.Model.Masterclass.getCity()" is null
494	2025-08-24 15:27:07.226755+03	ERROR	Runtime Error: Query did not return a unique result: 2 results were returned
495	2025-08-24 15:27:07.226757+03	ERROR	Runtime Error: Query did not return a unique result: 2 results were returned
496	2025-08-24 15:41:07.023308+03	ERROR	Runtime Error: Bad credentials
509	2025-08-24 18:42:14.136291+03	ERROR	Runtime Error: Cannot invoke "com.cakmak.mondatelier.Model.City.getName()" because the return value of "com.cakmak.mondatelier.Model.Masterclass.getCity()" is null
510	2025-08-24 18:45:07.103891+03	ERROR	Runtime Error: Cannot invoke "com.cakmak.mondatelier.Model.City.getName()" because the return value of "com.cakmak.mondatelier.Model.Masterclass.getCity()" is null
531	2025-08-24 19:12:43.254996+03	ERROR	Runtime Error: Cannot invoke "com.cakmak.mondatelier.Model.City.getName()" because the return value of "com.cakmak.mondatelier.Model.Masterclass.getCity()" is null
532	2025-08-24 19:12:43.255027+03	ERROR	Runtime Error: Cannot invoke "com.cakmak.mondatelier.Model.City.getName()" because the return value of "com.cakmak.mondatelier.Model.Masterclass.getCity()" is null
555	2025-08-24 21:18:15.500878+03	ERROR	Runtime Error: Cannot invoke "com.cakmak.mondatelier.Model.City.getName()" because the return value of "com.cakmak.mondatelier.Model.Masterclass.getCity()" is null
557	2025-08-24 21:18:38.912332+03	ERROR	Runtime Error: Cannot invoke "com.cakmak.mondatelier.Model.City.getName()" because the return value of "com.cakmak.mondatelier.Model.Masterclass.getCity()" is null
558	2025-08-24 21:18:43.280609+03	ERROR	Runtime Error: Bad credentials
559	2025-08-24 21:19:16.5012+03	ERROR	Runtime Error: Bad credentials
568	2025-08-25 22:15:57.327171+03	ERROR	Runtime Error: Failed to parse multipart servlet request
573	2025-08-25 22:16:38.413974+03	ERROR	Runtime Error: Cannot invoke "com.cakmak.mondatelier.Model.City.getName()" because the return value of "com.cakmak.mondatelier.Model.Masterclass.getCity()" is null
574	2025-08-25 22:16:45.455436+03	ERROR	Runtime Error: Cannot invoke "com.cakmak.mondatelier.Model.City.getName()" because the return value of "com.cakmak.mondatelier.Model.Masterclass.getCity()" is null
794	2025-08-29 21:44:17.199173+03	ERROR	Runtime Error: City not found
227	2025-08-19 19:13:54.775027+03	ERROR	Runtime Error: Cannot invoke "com.cakmak.mondatelier.Model.City.getName()" because the return value of "com.cakmak.mondatelier.Model.Masterclass.getCity()" is null
256	2025-08-23 11:01:24.575743+03	ERROR	Runtime Error: Cannot invoke "com.cakmak.mondatelier.Model.City.getName()" because the return value of "com.cakmak.mondatelier.Model.Masterclass.getCity()" is null
260	2025-08-23 11:01:56.588487+03	ERROR	Runtime Error: Cannot invoke "com.cakmak.mondatelier.Model.City.getName()" because the return value of "com.cakmak.mondatelier.Model.Masterclass.getCity()" is null
271	2025-08-23 11:09:08.651517+03	ERROR	Runtime Error: Cannot invoke "com.cakmak.mondatelier.Model.City.getName()" because the return value of "com.cakmak.mondatelier.Model.Masterclass.getCity()" is null
289	2025-08-23 15:04:13.164123+03	ERROR	Runtime Error: Cannot invoke "com.cakmak.mondatelier.Model.City.getName()" because the return value of "com.cakmak.mondatelier.Model.Masterclass.getCity()" is null
290	2025-08-23 15:04:13.237675+03	ERROR	Runtime Error: Cannot invoke "com.cakmak.mondatelier.Model.City.getName()" because the return value of "com.cakmak.mondatelier.Model.Masterclass.getCity()" is null
304	2025-08-23 17:02:44.713264+03	ERROR	Runtime Error: Cannot invoke "com.cakmak.mondatelier.Model.City.getName()" because the return value of "com.cakmak.mondatelier.Model.Masterclass.getCity()" is null
307	2025-08-23 17:04:24.344914+03	ERROR	Runtime Error: Cannot invoke "com.cakmak.mondatelier.Model.City.getName()" because the return value of "com.cakmak.mondatelier.Model.Masterclass.getCity()" is null
318	2025-08-23 18:30:26.17143+03	ERROR	Runtime Error: Cannot invoke "com.cakmak.mondatelier.Model.City.getName()" because the return value of "com.cakmak.mondatelier.Model.Masterclass.getCity()" is null
330	2025-08-23 19:39:03.178054+03	ERROR	Runtime Error: Cannot invoke "com.cakmak.mondatelier.Model.City.getName()" because the return value of "com.cakmak.mondatelier.Model.Masterclass.getCity()" is null
336	2025-08-23 19:44:25.9644+03	ERROR	Runtime Error: Cannot invoke "com.cakmak.mondatelier.Model.City.getName()" because the return value of "com.cakmak.mondatelier.Model.Masterclass.getCity()" is null
338	2025-08-23 19:49:35.205132+03	ERROR	Runtime Error: Cannot invoke "com.cakmak.mondatelier.Model.City.getName()" because the return value of "com.cakmak.mondatelier.Model.Masterclass.getCity()" is null
345	2025-08-23 19:59:28.505723+03	ERROR	Runtime Error: Cannot invoke "com.cakmak.mondatelier.Model.City.getName()" because the return value of "com.cakmak.mondatelier.Model.Masterclass.getCity()" is null
347	2025-08-23 19:59:47.24306+03	ERROR	Runtime Error: Cannot invoke "com.cakmak.mondatelier.Model.City.getName()" because the return value of "com.cakmak.mondatelier.Model.Masterclass.getCity()" is null
377	2025-08-23 20:35:16.970184+03	ERROR	Runtime Error: Cannot invoke "com.cakmak.mondatelier.Model.City.getName()" because the return value of "com.cakmak.mondatelier.Model.Masterclass.getCity()" is null
387	2025-08-23 21:21:16.350787+03	ERROR	Runtime Error: Event not found
392	2025-08-23 21:21:22.922842+03	ERROR	Runtime Error: Event not found
412	2025-08-23 22:30:38.906911+03	ERROR	Runtime Error: Cannot invoke "com.cakmak.mondatelier.Model.City.getName()" because the return value of "com.cakmak.mondatelier.Model.Masterclass.getCity()" is null
432	2025-08-24 12:36:41.066656+03	ERROR	Runtime Error: Cannot invoke "com.cakmak.mondatelier.Model.City.getName()" because the return value of "com.cakmak.mondatelier.Model.Masterclass.getCity()" is null
433	2025-08-24 12:36:41.066656+03	ERROR	Runtime Error: Cannot invoke "com.cakmak.mondatelier.Model.City.getName()" because the return value of "com.cakmak.mondatelier.Model.Masterclass.getCity()" is null
444	2025-08-24 13:42:26.665294+03	ERROR	Runtime Error: could not execute statement [ERROR: permission denied for sequence artwork_likes_id_seq] [/* insert for com.cakmak.mondatelier.Model.art.ArtworkLike */insert into artwork_likes (artwork_id,created_at,profile_id) values (?,?,?)]; SQL [/* insert for com.cakmak.mondatelier.Model.art.ArtworkLike */insert into artwork_likes (artwork_id,created_at,profile_id) values (?,?,?)]
462	2025-08-24 14:26:25.646809+03	ERROR	Runtime Error: Cannot invoke "com.cakmak.mondatelier.Model.City.getName()" because the return value of "com.cakmak.mondatelier.Model.Masterclass.getCity()" is null
464	2025-08-24 14:30:02.556741+03	ERROR	Runtime Error: Bad credentials
480	2025-08-24 14:44:13.135595+03	ERROR	Runtime Error: JWT strings must contain exactly 2 period characters. Found: 0
481	2025-08-24 14:48:41.489453+03	ERROR	Runtime Error: JWT strings must contain exactly 2 period characters. Found: 0
498	2025-08-24 17:37:01.84012+03	ERROR	Runtime Error: Cannot invoke "com.cakmak.mondatelier.Model.City.getName()" because the return value of "com.cakmak.mondatelier.Model.Masterclass.getCity()" is null
497	2025-08-24 17:37:01.840115+03	ERROR	Runtime Error: Cannot invoke "com.cakmak.mondatelier.Model.City.getName()" because the return value of "com.cakmak.mondatelier.Model.Masterclass.getCity()" is null
501	2025-08-24 17:43:51.184283+03	ERROR	Runtime Error: Cannot invoke "com.cakmak.mondatelier.Model.City.getName()" because the return value of "com.cakmak.mondatelier.Model.Masterclass.getCity()" is null
508	2025-08-24 18:42:14.136291+03	ERROR	Runtime Error: Cannot invoke "com.cakmak.mondatelier.Model.City.getName()" because the return value of "com.cakmak.mondatelier.Model.Masterclass.getCity()" is null
533	2025-08-24 19:17:15.078292+03	ERROR	Runtime Error: Cannot invoke "com.cakmak.mondatelier.Model.City.getName()" because the return value of "com.cakmak.mondatelier.Model.Masterclass.getCity()" is null
534	2025-08-24 19:17:36.144678+03	ERROR	Runtime Error: Cannot invoke "com.cakmak.mondatelier.Model.City.getName()" because the return value of "com.cakmak.mondatelier.Model.Masterclass.getCity()" is null
545	2025-08-24 19:27:07.209441+03	ERROR	Runtime Error: Cannot invoke "com.cakmak.mondatelier.Model.City.getName()" because the return value of "com.cakmak.mondatelier.Model.Masterclass.getCity()" is null
556	2025-08-24 21:18:15.543094+03	ERROR	Runtime Error: Cannot invoke "com.cakmak.mondatelier.Model.City.getName()" because the return value of "com.cakmak.mondatelier.Model.Masterclass.getCity()" is null
569	2025-08-25 22:16:01.792836+03	ERROR	Runtime Error: Cannot invoke "com.cakmak.mondatelier.Model.City.getName()" because the return value of "com.cakmak.mondatelier.Model.Masterclass.getCity()" is null
570	2025-08-25 22:16:01.836245+03	ERROR	Runtime Error: Cannot invoke "com.cakmak.mondatelier.Model.City.getName()" because the return value of "com.cakmak.mondatelier.Model.Masterclass.getCity()" is null
576	2025-08-25 22:16:51.799222+03	ERROR	Runtime Error: Cannot invoke "com.cakmak.mondatelier.Model.City.getName()" because the return value of "com.cakmak.mondatelier.Model.Masterclass.getCity()" is null
586	2025-08-25 22:26:27.952465+03	ERROR	Runtime Error: Cannot invoke "com.cakmak.mondatelier.Model.City.getName()" because the return value of "com.cakmak.mondatelier.Model.Masterclass.getCity()" is null
587	2025-08-25 22:26:31.797911+03	ERROR	Runtime Error: Cannot invoke "com.cakmak.mondatelier.Model.City.getName()" because the return value of "com.cakmak.mondatelier.Model.Masterclass.getCity()" is null
690	2025-08-29 10:54:14.296194+03	ERROR	Runtime Error: Cannot invoke "com.cakmak.mondatelier.Model.Country.getCities()" because "country" is null
228	2025-08-19 19:14:11.952148+03	ERROR	Runtime Error: Cannot invoke "com.cakmak.mondatelier.Model.City.getName()" because the return value of "com.cakmak.mondatelier.Model.Masterclass.getCity()" is null
257	2025-08-23 11:01:24.582563+03	ERROR	Runtime Error: Cannot invoke "com.cakmak.mondatelier.Model.City.getName()" because the return value of "com.cakmak.mondatelier.Model.Masterclass.getCity()" is null
277	2025-08-23 11:28:57.069545+03	ERROR	Runtime Error: Cannot invoke "com.cakmak.mondatelier.Model.City.getName()" because the return value of "com.cakmak.mondatelier.Model.Masterclass.getCity()" is null
292	2025-08-23 15:14:46.91163+03	ERROR	Runtime Error: Cannot invoke "com.cakmak.mondatelier.Model.City.getName()" because the return value of "com.cakmak.mondatelier.Model.Masterclass.getCity()" is null
305	2025-08-23 17:02:44.729029+03	ERROR	Runtime Error: Cannot invoke "com.cakmak.mondatelier.Model.City.getName()" because the return value of "com.cakmak.mondatelier.Model.Masterclass.getCity()" is null
319	2025-08-23 18:48:52.304897+03	ERROR	Runtime Error: Cannot invoke "com.cakmak.mondatelier.Model.City.getName()" because the return value of "com.cakmak.mondatelier.Model.Masterclass.getCity()" is null
320	2025-08-23 18:48:52.304897+03	ERROR	Runtime Error: Cannot invoke "com.cakmak.mondatelier.Model.City.getName()" because the return value of "com.cakmak.mondatelier.Model.Masterclass.getCity()" is null
331	2025-08-23 19:39:39.832657+03	ERROR	Runtime Error: Cannot invoke "com.cakmak.mondatelier.Model.City.getName()" because the return value of "com.cakmak.mondatelier.Model.Masterclass.getCity()" is null
332	2025-08-23 19:39:39.832657+03	ERROR	Runtime Error: Cannot invoke "com.cakmak.mondatelier.Model.City.getName()" because the return value of "com.cakmak.mondatelier.Model.Masterclass.getCity()" is null
335	2025-08-23 19:44:23.202891+03	ERROR	Runtime Error: Cannot invoke "com.cakmak.mondatelier.Model.City.getName()" because the return value of "com.cakmak.mondatelier.Model.Masterclass.getCity()" is null
341	2025-08-23 19:55:08.121692+03	ERROR	Runtime Error: Cannot invoke "com.cakmak.mondatelier.Model.City.getName()" because the return value of "com.cakmak.mondatelier.Model.Masterclass.getCity()" is null
342	2025-08-23 19:55:10.043484+03	ERROR	Runtime Error: Cannot invoke "com.cakmak.mondatelier.Model.City.getName()" because the return value of "com.cakmak.mondatelier.Model.Masterclass.getCity()" is null
348	2025-08-23 19:59:50.220616+03	ERROR	Runtime Error: Cannot invoke "com.cakmak.mondatelier.Model.City.getName()" because the return value of "com.cakmak.mondatelier.Model.Masterclass.getCity()" is null
349	2025-08-23 20:00:05.988109+03	ERROR	Runtime Error: Cannot invoke "com.cakmak.mondatelier.Model.City.getName()" because the return value of "com.cakmak.mondatelier.Model.Masterclass.getCity()" is null
351	2025-08-23 20:00:08.202014+03	ERROR	Runtime Error: Cannot invoke "com.cakmak.mondatelier.Model.City.getName()" because the return value of "com.cakmak.mondatelier.Model.Masterclass.getCity()" is null
353	2025-08-23 20:00:31.33286+03	ERROR	Runtime Error: Cannot invoke "com.cakmak.mondatelier.Model.City.getName()" because the return value of "com.cakmak.mondatelier.Model.Masterclass.getCity()" is null
355	2025-08-23 20:01:56.071197+03	ERROR	Runtime Error: Cannot invoke "com.cakmak.mondatelier.Model.City.getName()" because the return value of "com.cakmak.mondatelier.Model.Masterclass.getCity()" is null
357	2025-08-23 20:01:58.772487+03	ERROR	Runtime Error: Cannot invoke "com.cakmak.mondatelier.Model.City.getName()" because the return value of "com.cakmak.mondatelier.Model.Masterclass.getCity()" is null
378	2025-08-23 20:36:31.099219+03	ERROR	Runtime Error: Cannot invoke "com.cakmak.mondatelier.Model.City.getName()" because the return value of "com.cakmak.mondatelier.Model.Masterclass.getCity()" is null
395	2025-08-23 21:23:02.422795+03	ERROR	Runtime Error: Cannot invoke "com.cakmak.mondatelier.Model.City.getName()" because the return value of "com.cakmak.mondatelier.Model.Masterclass.getCity()" is null
394	2025-08-23 21:23:02.422795+03	ERROR	Runtime Error: Cannot invoke "com.cakmak.mondatelier.Model.City.getName()" because the return value of "com.cakmak.mondatelier.Model.Masterclass.getCity()" is null
397	2025-08-23 21:25:21.138178+03	ERROR	Runtime Error: Cannot invoke "com.cakmak.mondatelier.Model.City.getName()" because the return value of "com.cakmak.mondatelier.Model.Masterclass.getCity()" is null
413	2025-08-23 22:42:00.945817+03	ERROR	Runtime Error: Cannot invoke "com.cakmak.mondatelier.Model.City.getName()" because the return value of "com.cakmak.mondatelier.Model.Masterclass.getCity()" is null
414	2025-08-23 22:42:00.964023+03	ERROR	Runtime Error: Cannot invoke "com.cakmak.mondatelier.Model.City.getName()" because the return value of "com.cakmak.mondatelier.Model.Masterclass.getCity()" is null
434	2025-08-24 13:40:03.1468+03	ERROR	Runtime Error: Cannot invoke "com.cakmak.mondatelier.Model.City.getName()" because the return value of "com.cakmak.mondatelier.Model.Masterclass.getCity()" is null
436	2025-08-24 13:40:04.42404+03	ERROR	Runtime Error: Cannot invoke "com.cakmak.mondatelier.Model.City.getName()" because the return value of "com.cakmak.mondatelier.Model.Masterclass.getCity()" is null
440	2025-08-24 13:40:22.023919+03	ERROR	Runtime Error: JWT strings must contain exactly 2 period characters. Found: 0
445	2025-08-24 13:43:57.774197+03	ERROR	Runtime Error: could not execute statement [ERROR: permission denied for sequence artwork_likes_id_seq] [/* insert for com.cakmak.mondatelier.Model.art.ArtworkLike */insert into artwork_likes (artwork_id,created_at,profile_id) values (?,?,?)]; SQL [/* insert for com.cakmak.mondatelier.Model.art.ArtworkLike */insert into artwork_likes (artwork_id,created_at,profile_id) values (?,?,?)]
461	2025-08-24 14:26:25.646808+03	ERROR	Runtime Error: Cannot invoke "com.cakmak.mondatelier.Model.City.getName()" because the return value of "com.cakmak.mondatelier.Model.Masterclass.getCity()" is null
482	2025-08-24 14:56:07.91459+03	ERROR	Runtime Error: User is disabled
500	2025-08-24 17:42:03.42466+03	ERROR	Runtime Error: Cannot invoke "com.cakmak.mondatelier.Model.City.getName()" because the return value of "com.cakmak.mondatelier.Model.Masterclass.getCity()" is null
511	2025-08-24 18:55:41.49767+03	ERROR	Runtime Error: Cannot invoke "com.cakmak.mondatelier.Model.City.getName()" because the return value of "com.cakmak.mondatelier.Model.Masterclass.getCity()" is null
535	2025-08-24 19:19:53.769782+03	ERROR	Runtime Error: Cannot invoke "com.cakmak.mondatelier.Model.City.getName()" because the return value of "com.cakmak.mondatelier.Model.Masterclass.getCity()" is null
538	2025-08-24 19:20:29.595629+03	ERROR	Runtime Error: Cannot invoke "com.cakmak.mondatelier.Model.City.getName()" because the return value of "com.cakmak.mondatelier.Model.Masterclass.getCity()" is null
540	2025-08-24 19:23:44.775929+03	ERROR	Runtime Error: Cannot invoke "com.cakmak.mondatelier.Model.City.getName()" because the return value of "com.cakmak.mondatelier.Model.Masterclass.getCity()" is null
542	2025-08-24 19:26:38.078392+03	ERROR	Runtime Error: Cannot invoke "com.cakmak.mondatelier.Model.City.getName()" because the return value of "com.cakmak.mondatelier.Model.Masterclass.getCity()" is null
560	2025-08-25 20:44:55.298664+03	ERROR	Runtime Error: Cannot invoke "com.cakmak.mondatelier.Model.City.getName()" because the return value of "com.cakmak.mondatelier.Model.Masterclass.getCity()" is null
229	2025-08-19 21:04:22.27962+03	ERROR	Runtime Error: Cannot invoke "com.cakmak.mondatelier.Model.City.getName()" because the return value of "com.cakmak.mondatelier.Model.Masterclass.getCity()" is null
230	2025-08-19 21:04:22.279619+03	ERROR	Runtime Error: Cannot invoke "com.cakmak.mondatelier.Model.City.getName()" because the return value of "com.cakmak.mondatelier.Model.Masterclass.getCity()" is null
231	2025-08-19 21:04:27.653386+03	ERROR	Runtime Error: Cannot invoke "com.cakmak.mondatelier.Model.City.getName()" because the return value of "com.cakmak.mondatelier.Model.Masterclass.getCity()" is null
234	2025-08-19 21:04:31.606909+03	ERROR	Runtime Error: Cannot invoke "com.cakmak.mondatelier.Model.City.getName()" because the return value of "com.cakmak.mondatelier.Model.Masterclass.getCity()" is null
233	2025-08-19 21:04:31.606909+03	ERROR	Runtime Error: Cannot invoke "com.cakmak.mondatelier.Model.City.getName()" because the return value of "com.cakmak.mondatelier.Model.Masterclass.getCity()" is null
258	2025-08-23 11:01:41.772698+03	ERROR	Runtime Error: Cannot invoke "com.cakmak.mondatelier.Model.City.getName()" because the return value of "com.cakmak.mondatelier.Model.Masterclass.getCity()" is null
278	2025-08-23 11:28:57.088578+03	ERROR	Runtime Error: Cannot invoke "com.cakmak.mondatelier.Model.City.getName()" because the return value of "com.cakmak.mondatelier.Model.Masterclass.getCity()" is null
291	2025-08-23 15:14:46.910761+03	ERROR	Runtime Error: Cannot invoke "com.cakmak.mondatelier.Model.City.getName()" because the return value of "com.cakmak.mondatelier.Model.Masterclass.getCity()" is null
306	2025-08-23 17:04:24.325582+03	ERROR	Runtime Error: Cannot invoke "com.cakmak.mondatelier.Model.City.getName()" because the return value of "com.cakmak.mondatelier.Model.Masterclass.getCity()" is null
321	2025-08-23 18:48:55.726198+03	ERROR	Runtime Error: Cannot invoke "com.cakmak.mondatelier.Model.City.getName()" because the return value of "com.cakmak.mondatelier.Model.Masterclass.getCity()" is null
324	2025-08-23 19:02:52.92628+03	ERROR	Runtime Error: Cannot invoke "com.cakmak.mondatelier.Model.City.getName()" because the return value of "com.cakmak.mondatelier.Model.Masterclass.getCity()" is null
339	2025-08-23 19:49:38.088026+03	ERROR	Runtime Error: Cannot invoke "com.cakmak.mondatelier.Model.City.getName()" because the return value of "com.cakmak.mondatelier.Model.Masterclass.getCity()" is null
340	2025-08-23 19:55:08.105713+03	ERROR	Runtime Error: Cannot invoke "com.cakmak.mondatelier.Model.City.getName()" because the return value of "com.cakmak.mondatelier.Model.Masterclass.getCity()" is null
344	2025-08-23 19:59:26.237266+03	ERROR	Runtime Error: Cannot invoke "com.cakmak.mondatelier.Model.City.getName()" because the return value of "com.cakmak.mondatelier.Model.Masterclass.getCity()" is null
346	2025-08-23 19:59:47.242946+03	ERROR	Runtime Error: Cannot invoke "com.cakmak.mondatelier.Model.City.getName()" because the return value of "com.cakmak.mondatelier.Model.Masterclass.getCity()" is null
354	2025-08-23 20:00:33.003011+03	ERROR	Runtime Error: Cannot invoke "com.cakmak.mondatelier.Model.City.getName()" because the return value of "com.cakmak.mondatelier.Model.Masterclass.getCity()" is null
358	2025-08-23 20:02:00.789426+03	ERROR	Runtime Error: Cannot invoke "com.cakmak.mondatelier.Model.City.getName()" because the return value of "com.cakmak.mondatelier.Model.Masterclass.getCity()" is null
379	2025-08-23 20:36:31.112606+03	ERROR	Runtime Error: Cannot invoke "com.cakmak.mondatelier.Model.City.getName()" because the return value of "com.cakmak.mondatelier.Model.Masterclass.getCity()" is null
396	2025-08-23 21:23:15.666774+03	ERROR	Runtime Error: Cannot invoke "com.cakmak.mondatelier.Model.City.getName()" because the return value of "com.cakmak.mondatelier.Model.Masterclass.getCity()" is null
398	2025-08-23 21:25:21.150769+03	ERROR	Runtime Error: Cannot invoke "com.cakmak.mondatelier.Model.City.getName()" because the return value of "com.cakmak.mondatelier.Model.Masterclass.getCity()" is null
400	2025-08-23 21:30:09.020948+03	ERROR	Runtime Error: Cannot invoke "com.cakmak.mondatelier.Model.City.getName()" because the return value of "com.cakmak.mondatelier.Model.Masterclass.getCity()" is null
415	2025-08-23 22:47:50.271325+03	ERROR	Runtime Error: Cannot invoke "com.cakmak.mondatelier.Model.City.getName()" because the return value of "com.cakmak.mondatelier.Model.Masterclass.getCity()" is null
424	2025-08-23 23:04:41.290043+03	ERROR	Runtime Error: Cannot invoke "com.cakmak.mondatelier.Model.City.getName()" because the return value of "com.cakmak.mondatelier.Model.Masterclass.getCity()" is null
435	2025-08-24 13:40:03.17994+03	ERROR	Runtime Error: Cannot invoke "com.cakmak.mondatelier.Model.City.getName()" because the return value of "com.cakmak.mondatelier.Model.Masterclass.getCity()" is null
441	2025-08-24 13:40:28.536785+03	ERROR	Runtime Error: JWT strings must contain exactly 2 period characters. Found: 0
443	2025-08-24 13:41:08.251167+03	ERROR	Runtime Error: could not execute statement [ERROR: permission denied for sequence artwork_likes_id_seq] [/* insert for com.cakmak.mondatelier.Model.art.ArtworkLike */insert into artwork_likes (artwork_id,created_at,profile_id) values (?,?,?)]; SQL [/* insert for com.cakmak.mondatelier.Model.art.ArtworkLike */insert into artwork_likes (artwork_id,created_at,profile_id) values (?,?,?)]
446	2025-08-24 13:46:31.143589+03	ERROR	Runtime Error: could not execute statement [ERROR: column "id" is of type integer but expression is of type character varying\n  Hint: You will need to rewrite or cast the expression.\n  Position: 143] [/* insert for com.cakmak.mondatelier.Model.art.ArtworkLike */insert into artwork_likes (artwork_id,created_at,profile_id,id) values (?,?,?,?)]; SQL [/* insert for com.cakmak.mondatelier.Model.art.ArtworkLike */insert into artwork_likes (artwork_id,created_at,profile_id,id) values (?,?,?,?)]
466	2025-08-24 14:33:52.6334+03	ERROR	Runtime Error: JWT strings must contain exactly 2 period characters. Found: 0
469	2025-08-24 14:37:08.656648+03	ERROR	Runtime Error: User is disabled
483	2025-08-24 15:01:14.027831+03	ERROR	Runtime Error: Cannot invoke "com.cakmak.mondatelier.Model.Profile.getId()" because the return value of "com.cakmak.mondatelier.Model.User.getProfile()" is null
499	2025-08-24 17:42:03.424651+03	ERROR	Runtime Error: Cannot invoke "com.cakmak.mondatelier.Model.City.getName()" because the return value of "com.cakmak.mondatelier.Model.Masterclass.getCity()" is null
513	2025-08-24 19:00:41.341567+03	ERROR	Runtime Error: Cannot invoke "com.cakmak.mondatelier.Model.City.getName()" because the return value of "com.cakmak.mondatelier.Model.Masterclass.getCity()" is null
515	2025-08-24 19:00:48.204875+03	ERROR	Runtime Error: Cannot invoke "com.cakmak.mondatelier.Model.City.getName()" because the return value of "com.cakmak.mondatelier.Model.Masterclass.getCity()" is null
522	2025-08-24 19:03:09.495364+03	ERROR	Runtime Error: Cannot invoke "com.cakmak.mondatelier.Model.City.getName()" because the return value of "com.cakmak.mondatelier.Model.Masterclass.getCity()" is null
536	2025-08-24 19:19:53.773868+03	ERROR	Runtime Error: Cannot invoke "com.cakmak.mondatelier.Model.City.getName()" because the return value of "com.cakmak.mondatelier.Model.Masterclass.getCity()" is null
546	2025-08-24 19:27:07.223317+03	ERROR	Runtime Error: Cannot invoke "com.cakmak.mondatelier.Model.City.getName()" because the return value of "com.cakmak.mondatelier.Model.Masterclass.getCity()" is null
232	2025-08-19 21:04:27.655375+03	ERROR	Runtime Error: Cannot invoke "com.cakmak.mondatelier.Model.City.getName()" because the return value of "com.cakmak.mondatelier.Model.Masterclass.getCity()" is null
259	2025-08-23 11:01:41.777913+03	ERROR	Runtime Error: Cannot invoke "com.cakmak.mondatelier.Model.City.getName()" because the return value of "com.cakmak.mondatelier.Model.Masterclass.getCity()" is null
279	2025-08-23 11:53:03.265805+03	ERROR	Runtime Error: Cannot invoke "com.cakmak.mondatelier.Model.City.getName()" because the return value of "com.cakmak.mondatelier.Model.Masterclass.getCity()" is null
293	2025-08-23 15:14:50.320485+03	ERROR	Runtime Error: Cannot invoke "com.cakmak.mondatelier.Model.City.getName()" because the return value of "com.cakmak.mondatelier.Model.Masterclass.getCity()" is null
308	2025-08-23 17:18:46.715618+03	ERROR	Runtime Error: Cannot invoke "com.cakmak.mondatelier.Model.City.getName()" because the return value of "com.cakmak.mondatelier.Model.Masterclass.getCity()" is null
311	2025-08-23 17:20:02.90019+03	ERROR	Runtime Error: Cannot invoke "com.cakmak.mondatelier.Model.City.getName()" because the return value of "com.cakmak.mondatelier.Model.Masterclass.getCity()" is null
322	2025-08-23 19:02:48.486018+03	ERROR	Runtime Error: Cannot invoke "com.cakmak.mondatelier.Model.City.getName()" because the return value of "com.cakmak.mondatelier.Model.Masterclass.getCity()" is null
360	2025-08-23 20:12:48.298875+03	ERROR	Runtime Error: Cannot invoke "com.cakmak.mondatelier.Model.City.getName()" because the return value of "com.cakmak.mondatelier.Model.Masterclass.getCity()" is null
365	2025-08-23 20:20:24.605222+03	ERROR	Runtime Error: Cannot invoke "com.cakmak.mondatelier.Model.City.getName()" because the return value of "com.cakmak.mondatelier.Model.Masterclass.getCity()" is null
380	2025-08-23 21:13:40.149931+03	ERROR	Runtime Error: Cannot invoke "com.cakmak.mondatelier.Model.City.getName()" because the return value of "com.cakmak.mondatelier.Model.Masterclass.getCity()" is null
399	2025-08-23 21:30:09.007658+03	ERROR	Runtime Error: Cannot invoke "com.cakmak.mondatelier.Model.City.getName()" because the return value of "com.cakmak.mondatelier.Model.Masterclass.getCity()" is null
416	2025-08-23 22:47:50.268888+03	ERROR	Runtime Error: Cannot invoke "com.cakmak.mondatelier.Model.City.getName()" because the return value of "com.cakmak.mondatelier.Model.Masterclass.getCity()" is null
419	2025-08-23 22:48:52.552469+03	ERROR	Runtime Error: Cannot invoke "com.cakmak.mondatelier.Model.City.getName()" because the return value of "com.cakmak.mondatelier.Model.Masterclass.getCity()" is null
437	2025-08-24 13:40:04.424053+03	ERROR	Runtime Error: Cannot invoke "com.cakmak.mondatelier.Model.City.getName()" because the return value of "com.cakmak.mondatelier.Model.Masterclass.getCity()" is null
447	2025-08-24 13:48:16.661163+03	ERROR	Runtime Error: could not execute statement [ERROR: permission denied for sequence artwork_likes_id_seq] [/* insert for com.cakmak.mondatelier.Model.art.ArtworkLike */insert into artwork_likes (artwork_id,created_at,profile_id) values (?,?,?)]; SQL [/* insert for com.cakmak.mondatelier.Model.art.ArtworkLike */insert into artwork_likes (artwork_id,created_at,profile_id) values (?,?,?)]
467	2025-08-24 14:36:52.044123+03	ERROR	Runtime Error: Cannot invoke "com.cakmak.mondatelier.Model.City.getName()" because the return value of "com.cakmak.mondatelier.Model.Masterclass.getCity()" is null
468	2025-08-24 14:36:52.043523+03	ERROR	Runtime Error: Cannot invoke "com.cakmak.mondatelier.Model.City.getName()" because the return value of "com.cakmak.mondatelier.Model.Masterclass.getCity()" is null
470	2025-08-24 14:37:11.139016+03	ERROR	Runtime Error: User is disabled
484	2025-08-24 15:03:55.012417+03	ERROR	Runtime Error: Bad credentials
485	2025-08-24 15:04:18.691063+03	ERROR	Runtime Error: Bad credentials
486	2025-08-24 15:04:30.397667+03	ERROR	Runtime Error: Bad credentials
487	2025-08-24 15:04:46.489216+03	ERROR	Runtime Error: Bad credentials
502	2025-08-24 17:43:51.191084+03	ERROR	Runtime Error: Cannot invoke "com.cakmak.mondatelier.Model.City.getName()" because the return value of "com.cakmak.mondatelier.Model.Masterclass.getCity()" is null
512	2025-08-24 19:00:41.341568+03	ERROR	Runtime Error: Cannot invoke "com.cakmak.mondatelier.Model.City.getName()" because the return value of "com.cakmak.mondatelier.Model.Masterclass.getCity()" is null
514	2025-08-24 19:00:48.204875+03	ERROR	Runtime Error: Cannot invoke "com.cakmak.mondatelier.Model.City.getName()" because the return value of "com.cakmak.mondatelier.Model.Masterclass.getCity()" is null
517	2025-08-24 19:00:50.345297+03	ERROR	Runtime Error: Cannot invoke "com.cakmak.mondatelier.Model.City.getName()" because the return value of "com.cakmak.mondatelier.Model.Masterclass.getCity()" is null
519	2025-08-24 19:02:36.586978+03	ERROR	Runtime Error: Cannot invoke "com.cakmak.mondatelier.Model.City.getName()" because the return value of "com.cakmak.mondatelier.Model.Masterclass.getCity()" is null
526	2025-08-24 19:04:07.581114+03	ERROR	Runtime Error: Cannot invoke "com.cakmak.mondatelier.Model.City.getName()" because the return value of "com.cakmak.mondatelier.Model.Masterclass.getCity()" is null
528	2025-08-24 19:04:39.827804+03	ERROR	Runtime Error: Cannot invoke "com.cakmak.mondatelier.Model.City.getName()" because the return value of "com.cakmak.mondatelier.Model.Masterclass.getCity()" is null
537	2025-08-24 19:19:58.639456+03	ERROR	Runtime Error: Cannot invoke "com.cakmak.mondatelier.Model.City.getName()" because the return value of "com.cakmak.mondatelier.Model.Masterclass.getCity()" is null
543	2025-08-24 19:26:38.094372+03	ERROR	Runtime Error: Cannot invoke "com.cakmak.mondatelier.Model.City.getName()" because the return value of "com.cakmak.mondatelier.Model.Masterclass.getCity()" is null
544	2025-08-24 19:26:43.211841+03	ERROR	Runtime Error: Cannot invoke "com.cakmak.mondatelier.Model.City.getName()" because the return value of "com.cakmak.mondatelier.Model.Masterclass.getCity()" is null
547	2025-08-24 19:34:33.566379+03	ERROR	Runtime Error: Cannot invoke "com.cakmak.mondatelier.Model.City.getName()" because the return value of "com.cakmak.mondatelier.Model.Masterclass.getCity()" is null
561	2025-08-25 20:44:55.298657+03	ERROR	Runtime Error: Cannot invoke "com.cakmak.mondatelier.Model.City.getName()" because the return value of "com.cakmak.mondatelier.Model.Masterclass.getCity()" is null
571	2025-08-25 22:16:05.301698+03	ERROR	Runtime Error: Cannot invoke "com.cakmak.mondatelier.Model.City.getName()" because the return value of "com.cakmak.mondatelier.Model.Masterclass.getCity()" is null
572	2025-08-25 22:16:38.413974+03	ERROR	Runtime Error: Cannot invoke "com.cakmak.mondatelier.Model.City.getName()" because the return value of "com.cakmak.mondatelier.Model.Masterclass.getCity()" is null
580	2025-08-25 22:19:53.403147+03	ERROR	Runtime Error: Cannot invoke "com.cakmak.mondatelier.Model.City.getName()" because the return value of "com.cakmak.mondatelier.Model.Masterclass.getCity()" is null
581	2025-08-25 22:19:59.374047+03	ERROR	Runtime Error: Cannot invoke "com.cakmak.mondatelier.Model.City.getName()" because the return value of "com.cakmak.mondatelier.Model.Masterclass.getCity()" is null
583	2025-08-25 22:26:25.736561+03	ERROR	Runtime Error: Failed to parse multipart servlet request
702	2025-08-29 17:05:24.295087+03	ERROR	Runtime Error: JWT strings must contain exactly 2 period characters. Found: 0
236	2025-08-19 21:24:01.620351+03	ERROR	Runtime Error: Cannot invoke "com.cakmak.mondatelier.Model.City.getName()" because the return value of "com.cakmak.mondatelier.Model.Masterclass.getCity()" is null
261	2025-08-23 11:06:32.458975+03	ERROR	Runtime Error: Cannot invoke "com.cakmak.mondatelier.Model.City.getName()" because the return value of "com.cakmak.mondatelier.Model.Masterclass.getCity()" is null
265	2025-08-23 11:07:04.035168+03	ERROR	Runtime Error: Cannot invoke "com.cakmak.mondatelier.Model.City.getName()" because the return value of "com.cakmak.mondatelier.Model.Masterclass.getCity()" is null
280	2025-08-23 11:53:03.272309+03	ERROR	Runtime Error: Cannot invoke "com.cakmak.mondatelier.Model.City.getName()" because the return value of "com.cakmak.mondatelier.Model.Masterclass.getCity()" is null
294	2025-08-23 15:32:54.301452+03	ERROR	Runtime Error: Cannot invoke "com.cakmak.mondatelier.Model.City.getName()" because the return value of "com.cakmak.mondatelier.Model.Masterclass.getCity()" is null
309	2025-08-23 17:18:46.728702+03	ERROR	Runtime Error: Cannot invoke "com.cakmak.mondatelier.Model.City.getName()" because the return value of "com.cakmak.mondatelier.Model.Masterclass.getCity()" is null
323	2025-08-23 19:02:48.489126+03	ERROR	Runtime Error: Cannot invoke "com.cakmak.mondatelier.Model.City.getName()" because the return value of "com.cakmak.mondatelier.Model.Masterclass.getCity()" is null
361	2025-08-23 20:12:56.944411+03	ERROR	Runtime Error: Cannot invoke "com.cakmak.mondatelier.Model.City.getName()" because the return value of "com.cakmak.mondatelier.Model.Masterclass.getCity()" is null
366	2025-08-23 20:21:59.629205+03	ERROR	Runtime Error: Cannot invoke "com.cakmak.mondatelier.Model.City.getName()" because the return value of "com.cakmak.mondatelier.Model.Masterclass.getCity()" is null
368	2025-08-23 20:23:38.065004+03	ERROR	Runtime Error: Cannot invoke "com.cakmak.mondatelier.Model.City.getName()" because the return value of "com.cakmak.mondatelier.Model.Masterclass.getCity()" is null
369	2025-08-23 20:23:38.076244+03	ERROR	Runtime Error: Cannot invoke "com.cakmak.mondatelier.Model.City.getName()" because the return value of "com.cakmak.mondatelier.Model.Masterclass.getCity()" is null
371	2025-08-23 20:23:53.008569+03	ERROR	Runtime Error: Cannot invoke "com.cakmak.mondatelier.Model.City.getName()" because the return value of "com.cakmak.mondatelier.Model.Masterclass.getCity()" is null
372	2025-08-23 20:24:12.525351+03	ERROR	Runtime Error: Cannot invoke "com.cakmak.mondatelier.Model.City.getName()" because the return value of "com.cakmak.mondatelier.Model.Masterclass.getCity()" is null
374	2025-08-23 20:24:27.883716+03	ERROR	Runtime Error: Cannot invoke "com.cakmak.mondatelier.Model.City.getName()" because the return value of "com.cakmak.mondatelier.Model.Masterclass.getCity()" is null
381	2025-08-23 21:13:40.170312+03	ERROR	Runtime Error: Cannot invoke "com.cakmak.mondatelier.Model.City.getName()" because the return value of "com.cakmak.mondatelier.Model.Masterclass.getCity()" is null
401	2025-08-23 22:07:05.345917+03	ERROR	Runtime Error: Cannot invoke "com.cakmak.mondatelier.Model.City.getName()" because the return value of "com.cakmak.mondatelier.Model.Masterclass.getCity()" is null
402	2025-08-23 22:07:05.34724+03	ERROR	Runtime Error: Cannot invoke "com.cakmak.mondatelier.Model.City.getName()" because the return value of "com.cakmak.mondatelier.Model.Masterclass.getCity()" is null
417	2025-08-23 22:48:39.708761+03	ERROR	Runtime Error: Cannot invoke "com.cakmak.mondatelier.Model.City.getName()" because the return value of "com.cakmak.mondatelier.Model.Masterclass.getCity()" is null
423	2025-08-23 22:59:41.564039+03	ERROR	Runtime Error: Cannot invoke "com.cakmak.mondatelier.Model.City.getName()" because the return value of "com.cakmak.mondatelier.Model.Masterclass.getCity()" is null
425	2025-08-23 23:04:41.30356+03	ERROR	Runtime Error: Cannot invoke "com.cakmak.mondatelier.Model.City.getName()" because the return value of "com.cakmak.mondatelier.Model.Masterclass.getCity()" is null
438	2025-08-24 13:40:15.272719+03	ERROR	Runtime Error: JWT strings must contain exactly 2 period characters. Found: 0
442	2025-08-24 13:40:52.988473+03	ERROR	Runtime Error: Cannot invoke "com.cakmak.mondatelier.Model.City.getName()" because the return value of "com.cakmak.mondatelier.Model.Masterclass.getCity()" is null
448	2025-08-24 14:00:33.604467+03	ERROR	Runtime Error: Cannot invoke "com.cakmak.mondatelier.Model.City.getName()" because the return value of "com.cakmak.mondatelier.Model.Masterclass.getCity()" is null
449	2025-08-24 14:00:33.616816+03	ERROR	Runtime Error: Cannot invoke "com.cakmak.mondatelier.Model.City.getName()" because the return value of "com.cakmak.mondatelier.Model.Masterclass.getCity()" is null
450	2025-08-24 14:00:38.582772+03	ERROR	Runtime Error: Cannot invoke "com.cakmak.mondatelier.Model.City.getName()" because the return value of "com.cakmak.mondatelier.Model.Masterclass.getCity()" is null
455	2025-08-24 14:07:03.324638+03	ERROR	Runtime Error: Cannot invoke "com.cakmak.mondatelier.Model.City.getName()" because the return value of "com.cakmak.mondatelier.Model.Masterclass.getCity()" is null
471	2025-08-24 14:37:16.704159+03	ERROR	Runtime Error: User is disabled
488	2025-08-24 15:05:21.998533+03	ERROR	Runtime Error: Cannot invoke "com.cakmak.mondatelier.enums.ProfileTypes.getValue()" because the return value of "com.cakmak.mondatelier.Model.Profile.getType()" is null
489	2025-08-24 15:05:50.429302+03	ERROR	Runtime Error: Cannot invoke "com.cakmak.mondatelier.enums.ProfileTypes.getValue()" because the return value of "com.cakmak.mondatelier.Model.Profile.getType()" is null
503	2025-08-24 17:43:58.242505+03	ERROR	Runtime Error: Cannot invoke "com.cakmak.mondatelier.Model.City.getName()" because the return value of "com.cakmak.mondatelier.Model.Masterclass.getCity()" is null
516	2025-08-24 19:00:50.341341+03	ERROR	Runtime Error: Cannot invoke "com.cakmak.mondatelier.Model.City.getName()" because the return value of "com.cakmak.mondatelier.Model.Masterclass.getCity()" is null
518	2025-08-24 19:00:57.956299+03	ERROR	Runtime Error: Cannot invoke "com.cakmak.mondatelier.Model.City.getName()" because the return value of "com.cakmak.mondatelier.Model.Masterclass.getCity()" is null
524	2025-08-24 19:04:03.879574+03	ERROR	Runtime Error: Cannot invoke "com.cakmak.mondatelier.Model.City.getName()" because the return value of "com.cakmak.mondatelier.Model.Masterclass.getCity()" is null
539	2025-08-24 19:20:29.595629+03	ERROR	Runtime Error: Cannot invoke "com.cakmak.mondatelier.Model.City.getName()" because the return value of "com.cakmak.mondatelier.Model.Masterclass.getCity()" is null
541	2025-08-24 19:23:44.775929+03	ERROR	Runtime Error: Cannot invoke "com.cakmak.mondatelier.Model.City.getName()" because the return value of "com.cakmak.mondatelier.Model.Masterclass.getCity()" is null
548	2025-08-24 19:34:33.578877+03	ERROR	Runtime Error: Cannot invoke "com.cakmak.mondatelier.Model.City.getName()" because the return value of "com.cakmak.mondatelier.Model.Masterclass.getCity()" is null
562	2025-08-25 21:13:57.34716+03	ERROR	Runtime Error: Cannot invoke "com.cakmak.mondatelier.Model.City.getName()" because the return value of "com.cakmak.mondatelier.Model.Masterclass.getCity()" is null
575	2025-08-25 22:16:51.799222+03	ERROR	Runtime Error: Cannot invoke "com.cakmak.mondatelier.Model.City.getName()" because the return value of "com.cakmak.mondatelier.Model.Masterclass.getCity()" is null
235	2025-08-19 21:24:01.620333+03	ERROR	Runtime Error: Cannot invoke "com.cakmak.mondatelier.Model.City.getName()" because the return value of "com.cakmak.mondatelier.Model.Masterclass.getCity()" is null
262	2025-08-23 11:06:32.477387+03	ERROR	Runtime Error: Cannot invoke "com.cakmak.mondatelier.Model.City.getName()" because the return value of "com.cakmak.mondatelier.Model.Masterclass.getCity()" is null
281	2025-08-23 11:59:18.573061+03	ERROR	Runtime Error: Cannot invoke "com.cakmak.mondatelier.Model.City.getName()" because the return value of "com.cakmak.mondatelier.Model.Masterclass.getCity()" is null
286	2025-08-23 11:59:49.49235+03	ERROR	Runtime Error: Cannot invoke "com.cakmak.mondatelier.Model.City.getName()" because the return value of "com.cakmak.mondatelier.Model.Masterclass.getCity()" is null
295	2025-08-23 15:32:54.306261+03	ERROR	Runtime Error: Cannot invoke "com.cakmak.mondatelier.Model.City.getName()" because the return value of "com.cakmak.mondatelier.Model.Masterclass.getCity()" is null
296	2025-08-23 15:33:01.052812+03	ERROR	Runtime Error: Cannot invoke "com.cakmak.mondatelier.Model.City.getName()" because the return value of "com.cakmak.mondatelier.Model.Masterclass.getCity()" is null
310	2025-08-23 17:20:02.881266+03	ERROR	Runtime Error: Cannot invoke "com.cakmak.mondatelier.Model.City.getName()" because the return value of "com.cakmak.mondatelier.Model.Masterclass.getCity()" is null
325	2025-08-23 19:34:53.444805+03	ERROR	Runtime Error: Cannot invoke "com.cakmak.mondatelier.Model.City.getName()" because the return value of "com.cakmak.mondatelier.Model.Masterclass.getCity()" is null
362	2025-08-23 20:13:02.461904+03	ERROR	Runtime Error: Cannot invoke "com.cakmak.mondatelier.Model.City.getName()" because the return value of "com.cakmak.mondatelier.Model.Masterclass.getCity()" is null
364	2025-08-23 20:20:24.592889+03	ERROR	Runtime Error: Cannot invoke "com.cakmak.mondatelier.Model.City.getName()" because the return value of "com.cakmak.mondatelier.Model.Masterclass.getCity()" is null
367	2025-08-23 20:21:59.629211+03	ERROR	Runtime Error: Cannot invoke "com.cakmak.mondatelier.Model.City.getName()" because the return value of "com.cakmak.mondatelier.Model.Masterclass.getCity()" is null
370	2025-08-23 20:23:53.009197+03	ERROR	Runtime Error: Cannot invoke "com.cakmak.mondatelier.Model.City.getName()" because the return value of "com.cakmak.mondatelier.Model.Masterclass.getCity()" is null
382	2025-08-23 21:21:16.336862+03	ERROR	Runtime Error: Event not found
393	2025-08-23 21:21:22.92287+03	ERROR	Runtime Error: Event not found
403	2025-08-23 22:13:07.976249+03	ERROR	Runtime Error: Cannot invoke "com.cakmak.mondatelier.Model.City.getName()" because the return value of "com.cakmak.mondatelier.Model.Masterclass.getCity()" is null
405	2025-08-23 22:18:25.848938+03	ERROR	Runtime Error: Cannot invoke "com.cakmak.mondatelier.Model.City.getName()" because the return value of "com.cakmak.mondatelier.Model.Masterclass.getCity()" is null
409	2025-08-23 22:29:54.336351+03	ERROR	Runtime Error: Cannot invoke "com.cakmak.mondatelier.Model.City.getName()" because the return value of "com.cakmak.mondatelier.Model.Masterclass.getCity()" is null
418	2025-08-23 22:48:39.725128+03	ERROR	Runtime Error: Cannot invoke "com.cakmak.mondatelier.Model.City.getName()" because the return value of "com.cakmak.mondatelier.Model.Masterclass.getCity()" is null
420	2025-08-23 22:48:52.552469+03	ERROR	Runtime Error: Cannot invoke "com.cakmak.mondatelier.Model.City.getName()" because the return value of "com.cakmak.mondatelier.Model.Masterclass.getCity()" is null
439	2025-08-24 13:40:17.27062+03	ERROR	Runtime Error: JWT strings must contain exactly 2 period characters. Found: 0
452	2025-08-24 14:01:16.055229+03	ERROR	Runtime Error: Cannot invoke "com.cakmak.mondatelier.Model.City.getName()" because the return value of "com.cakmak.mondatelier.Model.Masterclass.getCity()" is null
451	2025-08-24 14:01:16.054895+03	ERROR	Runtime Error: Cannot invoke "com.cakmak.mondatelier.Model.City.getName()" because the return value of "com.cakmak.mondatelier.Model.Masterclass.getCity()" is null
453	2025-08-24 14:01:28.546736+03	ERROR	Runtime Error: Cannot invoke "com.cakmak.mondatelier.Model.City.getName()" because the return value of "com.cakmak.mondatelier.Model.Masterclass.getCity()" is null
454	2025-08-24 14:07:03.292801+03	ERROR	Runtime Error: Cannot invoke "com.cakmak.mondatelier.Model.City.getName()" because the return value of "com.cakmak.mondatelier.Model.Masterclass.getCity()" is null
472	2025-08-24 14:39:30.094081+03	ERROR	Runtime Error: could not execute statement [ERROR: null value in column "created_at" of relation "users" violates not-null constraint\n  Detail: Failing row contains (59f49dd1-a412-42fc-a9de-0aebaf03512b, 1, email@hotmail.com, $2a$10$4YSbX5hcP6IHcoNmI9ooXO.98Wx/kquLrtLRMbl6jsJ5edgawYW2y, null, 2025-08-24 13:39:30.085+02, f).] [/* update for com.cakmak.mondatelier.Model.User */update users set created_at=?,email=?,active=?,password=?,updated_at=?,user_type_id=? where id=?]; SQL [/* update for com.cakmak.mondatelier.Model.User */update users set created_at=?,email=?,active=?,password=?,updated_at=?,user_type_id=? where id=?]; constraint [created_at" of relation "users]
473	2025-08-24 14:41:00.27272+03	ERROR	Runtime Error: could not execute statement [ERROR: null value in column "created_at" of relation "users" violates not-null constraint\n  Detail: Failing row contains (52663743-8a36-4777-a850-25b41eca79ee, 1, email@hotmail.com, $2a$10$3To6v.daEsdEWtEbkHVzs.dvrBgpmZ6C0eWYxKoNQ2/SXVpwpVbLG, null, 2025-08-24 13:41:00.269+02, f).] [/* update for com.cakmak.mondatelier.Model.User */update users set created_at=?,email=?,active=?,password=?,updated_at=?,user_type_id=? where id=?]; SQL [/* update for com.cakmak.mondatelier.Model.User */update users set created_at=?,email=?,active=?,password=?,updated_at=?,user_type_id=? where id=?]; constraint [created_at" of relation "users]
474	2025-08-24 14:41:01.582186+03	ERROR	Runtime Error: could not execute statement [ERROR: null value in column "created_at" of relation "users" violates not-null constraint\n  Detail: Failing row contains (60c99baa-bf57-47f1-b24f-fc0e59a5afc3, 1, email@hotmail.com, $2a$10$8IUHGVa9pWyNltn6AuvYvuW1fk7i8Fe8nnQiakLefxeC9Vmggsa4S, null, 2025-08-24 13:41:01.58+02, f).] [/* update for com.cakmak.mondatelier.Model.User */update users set created_at=?,email=?,active=?,password=?,updated_at=?,user_type_id=? where id=?]; SQL [/* update for com.cakmak.mondatelier.Model.User */update users set created_at=?,email=?,active=?,password=?,updated_at=?,user_type_id=? where id=?]; constraint [created_at" of relation "users]
490	2025-08-24 15:05:50.433656+03	ERROR	Runtime Error: Cannot invoke "com.cakmak.mondatelier.enums.ProfileTypes.getValue()" because the return value of "com.cakmak.mondatelier.Model.Profile.getType()" is null
504	2025-08-24 17:52:40.127712+03	ERROR	Runtime Error: Cannot invoke "com.cakmak.mondatelier.Model.City.getName()" because the return value of "com.cakmak.mondatelier.Model.Masterclass.getCity()" is null
520	2025-08-24 19:02:36.586978+03	ERROR	Runtime Error: Cannot invoke "com.cakmak.mondatelier.Model.City.getName()" because the return value of "com.cakmak.mondatelier.Model.Masterclass.getCity()" is null
525	2025-08-24 19:04:03.879574+03	ERROR	Runtime Error: Cannot invoke "com.cakmak.mondatelier.Model.City.getName()" because the return value of "com.cakmak.mondatelier.Model.Masterclass.getCity()" is null
577	2025-08-25 22:19:35.172594+03	ERROR	Runtime Error: Failed to parse multipart servlet request
237	2025-08-19 22:17:16.241898+03	ERROR	Runtime Error: Cannot invoke "java.util.List.toString()" because "events" is null
238	2025-08-19 22:17:23.226552+03	ERROR	Runtime Error: Cannot invoke "java.util.List.toString()" because "events" is null
263	2025-08-23 11:07:01.578818+03	ERROR	Runtime Error: Cannot invoke "com.cakmak.mondatelier.Model.City.getName()" because the return value of "com.cakmak.mondatelier.Model.Masterclass.getCity()" is null
282	2025-08-23 11:59:18.589668+03	ERROR	Runtime Error: Cannot invoke "com.cakmak.mondatelier.Model.City.getName()" because the return value of "com.cakmak.mondatelier.Model.Masterclass.getCity()" is null
283	2025-08-23 11:59:37.589673+03	ERROR	Runtime Error: Cannot invoke "com.cakmak.mondatelier.Model.City.getName()" because the return value of "com.cakmak.mondatelier.Model.Masterclass.getCity()" is null
285	2025-08-23 11:59:49.49235+03	ERROR	Runtime Error: Cannot invoke "com.cakmak.mondatelier.Model.City.getName()" because the return value of "com.cakmak.mondatelier.Model.Masterclass.getCity()" is null
297	2025-08-23 16:02:04.381933+03	ERROR	Runtime Error: Cannot invoke "com.cakmak.mondatelier.Model.City.getName()" because the return value of "com.cakmak.mondatelier.Model.Masterclass.getCity()" is null
299	2025-08-23 16:02:15.241406+03	ERROR	Runtime Error: Cannot invoke "com.cakmak.mondatelier.Model.City.getName()" because the return value of "com.cakmak.mondatelier.Model.Masterclass.getCity()" is null
300	2025-08-23 16:02:33.278266+03	ERROR	Runtime Error: Cannot invoke "com.cakmak.mondatelier.Model.City.getName()" because the return value of "com.cakmak.mondatelier.Model.Masterclass.getCity()" is null
312	2025-08-23 18:01:18.725375+03	ERROR	Runtime Error: Cannot invoke "com.cakmak.mondatelier.Model.City.getName()" because the return value of "com.cakmak.mondatelier.Model.Masterclass.getCity()" is null
313	2025-08-23 18:01:18.728481+03	ERROR	Runtime Error: Cannot invoke "com.cakmak.mondatelier.Model.City.getName()" because the return value of "com.cakmak.mondatelier.Model.Masterclass.getCity()" is null
314	2025-08-23 18:01:42.126991+03	ERROR	Runtime Error: Cannot invoke "com.cakmak.mondatelier.Model.City.getName()" because the return value of "com.cakmak.mondatelier.Model.Masterclass.getCity()" is null
326	2025-08-23 19:34:53.467467+03	ERROR	Runtime Error: Cannot invoke "com.cakmak.mondatelier.Model.City.getName()" because the return value of "com.cakmak.mondatelier.Model.Masterclass.getCity()" is null
363	2025-08-23 20:13:02.464044+03	ERROR	Runtime Error: Cannot invoke "com.cakmak.mondatelier.Model.City.getName()" because the return value of "com.cakmak.mondatelier.Model.Masterclass.getCity()" is null
383	2025-08-23 21:21:16.33686+03	ERROR	Runtime Error: Event not found
391	2025-08-23 21:21:22.921326+03	ERROR	Runtime Error: Event not found
404	2025-08-23 22:13:07.978403+03	ERROR	Runtime Error: Cannot invoke "com.cakmak.mondatelier.Model.City.getName()" because the return value of "com.cakmak.mondatelier.Model.Masterclass.getCity()" is null
421	2025-08-23 22:53:48.490682+03	ERROR	Runtime Error: Cannot invoke "com.cakmak.mondatelier.Model.City.getName()" because the return value of "com.cakmak.mondatelier.Model.Masterclass.getCity()" is null
422	2025-08-23 22:53:48.504575+03	ERROR	Runtime Error: Cannot invoke "com.cakmak.mondatelier.Model.City.getName()" because the return value of "com.cakmak.mondatelier.Model.Masterclass.getCity()" is null
456	2025-08-24 14:07:07.531956+03	ERROR	Runtime Error: Cannot invoke "com.cakmak.mondatelier.Model.City.getName()" because the return value of "com.cakmak.mondatelier.Model.Masterclass.getCity()" is null
475	2025-08-24 14:42:59.179996+03	ERROR	Runtime Error: JWT strings must contain exactly 2 period characters. Found: 0
491	2025-08-24 15:13:02.465296+03	ERROR	Runtime Error: Cannot invoke "com.cakmak.mondatelier.Model.Profile.getId()" because the return value of "com.cakmak.mondatelier.Model.User.getProfile()" is null
505	2025-08-24 17:52:40.130179+03	ERROR	Runtime Error: Cannot invoke "com.cakmak.mondatelier.Model.City.getName()" because the return value of "com.cakmak.mondatelier.Model.Masterclass.getCity()" is null
521	2025-08-24 19:02:43.213492+03	ERROR	Runtime Error: Cannot invoke "com.cakmak.mondatelier.Model.City.getName()" because the return value of "com.cakmak.mondatelier.Model.Masterclass.getCity()" is null
529	2025-08-24 19:09:53.272239+03	ERROR	Runtime Error: Cannot invoke "com.cakmak.mondatelier.Model.City.getName()" because the return value of "com.cakmak.mondatelier.Model.Masterclass.getCity()" is null
549	2025-08-24 19:41:29.362797+03	ERROR	Runtime Error: Cannot invoke "com.cakmak.mondatelier.Model.City.getName()" because the return value of "com.cakmak.mondatelier.Model.Masterclass.getCity()" is null
550	2025-08-24 19:41:29.382372+03	ERROR	Runtime Error: Cannot invoke "com.cakmak.mondatelier.Model.City.getName()" because the return value of "com.cakmak.mondatelier.Model.Masterclass.getCity()" is null
563	2025-08-25 21:13:57.347142+03	ERROR	Runtime Error: Cannot invoke "com.cakmak.mondatelier.Model.City.getName()" because the return value of "com.cakmak.mondatelier.Model.Masterclass.getCity()" is null
578	2025-08-25 22:19:49.898199+03	ERROR	Runtime Error: Cannot invoke "com.cakmak.mondatelier.Model.City.getName()" because the return value of "com.cakmak.mondatelier.Model.Masterclass.getCity()" is null
582	2025-08-25 22:19:59.374047+03	ERROR	Runtime Error: Cannot invoke "com.cakmak.mondatelier.Model.City.getName()" because the return value of "com.cakmak.mondatelier.Model.Masterclass.getCity()" is null
584	2025-08-25 22:26:25.736561+03	ERROR	Runtime Error: Failed to parse multipart servlet request
588	2025-08-25 22:26:36.873972+03	ERROR	Runtime Error: Cannot invoke "com.cakmak.mondatelier.Model.City.getName()" because the return value of "com.cakmak.mondatelier.Model.Masterclass.getCity()" is null
590	2025-08-26 08:39:19.464701+03	ERROR	Runtime Error: Cannot invoke "com.cakmak.mondatelier.Model.City.getName()" because the return value of "com.cakmak.mondatelier.Model.Masterclass.getCity()" is null
592	2025-08-26 21:35:01.710748+03	ERROR	Runtime Error: Cannot invoke "com.cakmak.mondatelier.Model.City.getName()" because the return value of "com.cakmak.mondatelier.Model.Masterclass.getCity()" is null
593	2025-08-26 21:35:01.735035+03	ERROR	Runtime Error: Cannot invoke "com.cakmak.mondatelier.Model.City.getName()" because the return value of "com.cakmak.mondatelier.Model.Masterclass.getCity()" is null
596	2025-08-26 22:35:46.919343+03	ERROR	Runtime Error: Cannot invoke "com.cakmak.mondatelier.Model.City.getName()" because the return value of "com.cakmak.mondatelier.Model.Masterclass.getCity()" is null
597	2025-08-26 22:35:46.94445+03	ERROR	Runtime Error: Cannot invoke "com.cakmak.mondatelier.Model.City.getName()" because the return value of "com.cakmak.mondatelier.Model.Masterclass.getCity()" is null
603	2025-08-26 23:18:52.162876+03	ERROR	Runtime Error: Could not write JSON: Document nesting depth (1001) exceeds the maximum allowed (1000, from `StreamWriteConstraints.getMaxNestingDepth()`)
604	2025-08-26 23:18:52.162876+03	ERROR	Runtime Error: Could not write JSON: Document nesting depth (1001) exceeds the maximum allowed (1000, from `StreamWriteConstraints.getMaxNestingDepth()`)
605	2025-08-26 23:19:08.161943+03	ERROR	Runtime Error: Could not write JSON: Document nesting depth (1001) exceeds the maximum allowed (1000, from `StreamWriteConstraints.getMaxNestingDepth()`)
239	2025-08-19 22:17:59.240768+03	ERROR	Runtime Error: Cannot invoke "java.util.List.size()" because "events" is null
240	2025-08-19 22:18:09.681327+03	ERROR	Runtime Error: Cannot invoke "java.util.List.size()" because "events" is null
241	2025-08-19 22:19:41.606005+03	ERROR	Runtime Error: Cannot invoke "java.util.List.size()" because "events" is null
242	2025-08-19 22:19:52.057+03	ERROR	Runtime Error: Cannot invoke "java.util.List.size()" because "events" is null
264	2025-08-23 11:07:01.591887+03	ERROR	Runtime Error: Cannot invoke "com.cakmak.mondatelier.Model.City.getName()" because the return value of "com.cakmak.mondatelier.Model.Masterclass.getCity()" is null
284	2025-08-23 11:59:37.592073+03	ERROR	Runtime Error: Cannot invoke "com.cakmak.mondatelier.Model.City.getName()" because the return value of "com.cakmak.mondatelier.Model.Masterclass.getCity()" is null
298	2025-08-23 16:02:04.403701+03	ERROR	Runtime Error: Cannot invoke "com.cakmak.mondatelier.Model.City.getName()" because the return value of "com.cakmak.mondatelier.Model.Masterclass.getCity()" is null
301	2025-08-23 16:02:33.278266+03	ERROR	Runtime Error: Cannot invoke "com.cakmak.mondatelier.Model.City.getName()" because the return value of "com.cakmak.mondatelier.Model.Masterclass.getCity()" is null
206	2025-07-30 21:21:50.158417+03	ERROR	Runtime Error: Cannot invoke "com.cakmak.mondatelier.Model.City.getName()" because the return value of "com.cakmak.mondatelier.Model.Masterclass.getCity()" is null
207	2025-07-30 21:21:50.205049+03	ERROR	Runtime Error: Cannot invoke "com.cakmak.mondatelier.Model.City.getName()" because the return value of "com.cakmak.mondatelier.Model.Masterclass.getCity()" is null
208	2025-07-30 21:21:55.257345+03	ERROR	Runtime Error: Decode argument cannot be null.
209	2025-07-30 21:21:56.64356+03	ERROR	Runtime Error: Decode argument cannot be null.
210	2025-07-30 21:22:14.818316+03	ERROR	Runtime Error: Decode argument cannot be null.
211	2025-07-30 21:22:56.808147+03	ERROR	Runtime Error: Decode argument cannot be null.
212	2025-07-30 21:22:57.237586+03	ERROR	Runtime Error: Decode argument cannot be null.
213	2025-07-30 21:24:27.009779+03	ERROR	Runtime Error: Cannot invoke "com.cakmak.mondatelier.Model.City.getName()" because the return value of "com.cakmak.mondatelier.Model.Masterclass.getCity()" is null
315	2025-08-23 18:01:42.128613+03	ERROR	Runtime Error: Cannot invoke "com.cakmak.mondatelier.Model.City.getName()" because the return value of "com.cakmak.mondatelier.Model.Masterclass.getCity()" is null
327	2025-08-23 19:36:39.893418+03	ERROR	Runtime Error: Cannot invoke "com.cakmak.mondatelier.Model.City.getName()" because the return value of "com.cakmak.mondatelier.Model.Masterclass.getCity()" is null
373	2025-08-23 20:24:12.526236+03	ERROR	Runtime Error: Cannot invoke "com.cakmak.mondatelier.Model.City.getName()" because the return value of "com.cakmak.mondatelier.Model.Masterclass.getCity()" is null
385	2025-08-23 21:21:16.335934+03	ERROR	Runtime Error: Event not found
389	2025-08-23 21:21:22.921326+03	ERROR	Runtime Error: Event not found
406	2025-08-23 22:18:25.848935+03	ERROR	Runtime Error: Cannot invoke "com.cakmak.mondatelier.Model.City.getName()" because the return value of "com.cakmak.mondatelier.Model.Masterclass.getCity()" is null
411	2025-08-23 22:30:38.903372+03	ERROR	Runtime Error: Cannot invoke "com.cakmak.mondatelier.Model.City.getName()" because the return value of "com.cakmak.mondatelier.Model.Masterclass.getCity()" is null
427	2025-08-23 23:08:06.358886+03	ERROR	Runtime Error: Cannot invoke "com.cakmak.mondatelier.Model.City.getName()" because the return value of "com.cakmak.mondatelier.Model.Masterclass.getCity()" is null
426	2025-08-23 23:08:06.358887+03	ERROR	Runtime Error: Cannot invoke "com.cakmak.mondatelier.Model.City.getName()" because the return value of "com.cakmak.mondatelier.Model.Masterclass.getCity()" is null
457	2025-08-24 14:22:48.708244+03	ERROR	Runtime Error: Cannot invoke "com.cakmak.mondatelier.Model.City.getName()" because the return value of "com.cakmak.mondatelier.Model.Masterclass.getCity()" is null
459	2025-08-24 14:26:02.378958+03	ERROR	Runtime Error: Cannot invoke "com.cakmak.mondatelier.Model.City.getName()" because the return value of "com.cakmak.mondatelier.Model.Masterclass.getCity()" is null
463	2025-08-24 14:27:13.255897+03	ERROR	Runtime Error: Bad credentials
477	2025-08-24 14:43:21.588323+03	ERROR	Runtime Error: Cannot invoke "com.cakmak.mondatelier.Model.City.getName()" because the return value of "com.cakmak.mondatelier.Model.Masterclass.getCity()" is null
492	2025-08-24 15:15:25.718467+03	ERROR	Runtime Error: Cannot invoke "com.cakmak.mondatelier.Model.Profile.getId()" because the return value of "com.cakmak.mondatelier.Model.User.getProfile()" is null
506	2025-08-24 17:52:43.648871+03	ERROR	Runtime Error: Cannot invoke "com.cakmak.mondatelier.Model.City.getName()" because the return value of "com.cakmak.mondatelier.Model.Masterclass.getCity()" is null
523	2025-08-24 19:03:09.495364+03	ERROR	Runtime Error: Cannot invoke "com.cakmak.mondatelier.Model.City.getName()" because the return value of "com.cakmak.mondatelier.Model.Masterclass.getCity()" is null
530	2025-08-24 19:09:53.272239+03	ERROR	Runtime Error: Cannot invoke "com.cakmak.mondatelier.Model.City.getName()" because the return value of "com.cakmak.mondatelier.Model.Masterclass.getCity()" is null
552	2025-08-24 19:49:56.176789+03	ERROR	Runtime Error: Cannot invoke "com.cakmak.mondatelier.Model.City.getName()" because the return value of "com.cakmak.mondatelier.Model.Masterclass.getCity()" is null
551	2025-08-24 19:49:56.17679+03	ERROR	Runtime Error: Cannot invoke "com.cakmak.mondatelier.Model.City.getName()" because the return value of "com.cakmak.mondatelier.Model.Masterclass.getCity()" is null
564	2025-08-25 22:13:25.136855+03	ERROR	Runtime Error: Failed to parse multipart servlet request
567	2025-08-25 22:14:12.123131+03	ERROR	Runtime Error: Cannot invoke "com.cakmak.mondatelier.Model.City.getName()" because the return value of "com.cakmak.mondatelier.Model.Masterclass.getCity()" is null
579	2025-08-25 22:19:49.925522+03	ERROR	Runtime Error: Cannot invoke "com.cakmak.mondatelier.Model.City.getName()" because the return value of "com.cakmak.mondatelier.Model.Masterclass.getCity()" is null
589	2025-08-25 22:26:36.873972+03	ERROR	Runtime Error: Cannot invoke "com.cakmak.mondatelier.Model.City.getName()" because the return value of "com.cakmak.mondatelier.Model.Masterclass.getCity()" is null
591	2025-08-26 08:39:19.473623+03	ERROR	Runtime Error: Cannot invoke "com.cakmak.mondatelier.Model.City.getName()" because the return value of "com.cakmak.mondatelier.Model.Masterclass.getCity()" is null
594	2025-08-26 21:35:26.307936+03	ERROR	Runtime Error: Cannot invoke "com.cakmak.mondatelier.Model.City.getName()" because the return value of "com.cakmak.mondatelier.Model.Masterclass.getCity()" is null
595	2025-08-26 21:35:26.323012+03	ERROR	Runtime Error: Cannot invoke "com.cakmak.mondatelier.Model.City.getName()" because the return value of "com.cakmak.mondatelier.Model.Masterclass.getCity()" is null
598	2025-08-26 23:10:02.991045+03	ERROR	Runtime Error: Event not found
599	2025-08-26 23:10:06.633682+03	ERROR	Runtime Error: Event not found
600	2025-08-26 23:10:06.649228+03	ERROR	Runtime Error: Event not found
602	2025-08-26 23:10:28.489457+03	ERROR	Runtime Error: Event not found
606	2025-08-26 23:19:09.452189+03	ERROR	Runtime Error: Could not write JSON: Document nesting depth (1001) exceeds the maximum allowed (1000, from `StreamWriteConstraints.getMaxNestingDepth()`)
607	2025-08-26 23:19:09.452174+03	ERROR	Runtime Error: Could not write JSON: Document nesting depth (1001) exceeds the maximum allowed (1000, from `StreamWriteConstraints.getMaxNestingDepth()`)
608	2025-08-26 23:19:17.792611+03	ERROR	Runtime Error: Could not write JSON: Document nesting depth (1001) exceeds the maximum allowed (1000, from `StreamWriteConstraints.getMaxNestingDepth()`)
612	2025-08-26 23:20:38.096986+03	ERROR	Runtime Error: Could not write JSON: Document nesting depth (1001) exceeds the maximum allowed (1000, from `StreamWriteConstraints.getMaxNestingDepth()`)
609	2025-08-26 23:19:28.049348+03	ERROR	Runtime Error: Could not write JSON: Document nesting depth (1001) exceeds the maximum allowed (1000, from `StreamWriteConstraints.getMaxNestingDepth()`)
610	2025-08-26 23:19:28.051164+03	ERROR	Runtime Error: Could not write JSON: Document nesting depth (1001) exceeds the maximum allowed (1000, from `StreamWriteConstraints.getMaxNestingDepth()`)
611	2025-08-26 23:20:38.077358+03	ERROR	Runtime Error: Could not write JSON: Document nesting depth (1001) exceeds the maximum allowed (1000, from `StreamWriteConstraints.getMaxNestingDepth()`)
613	2025-08-26 23:36:28.689367+03	ERROR	Runtime Error: JDBC exception executing SQL [/* SELECT e FROM Event e WHERE e.city = :city AND FUNCTION('WEEK', e.date) = :weekNumber */ select e1_0.id,e1_0.city_id,e1_0.created_at,e1_0.date,e1_0.description,e1_0.profile_id,e1_0.thumbnail_url,e1_0.title,e1_0.type_id,e1_0.updated_at from events e1_0 where e1_0.city_id=? and week(e1_0.date)=?] [ERROR: function week(timestamp with time zone) does not exist\n  Hint: No function matches the given name and argument types. You might need to add explicit type casts.\n  Position: 282] [n/a]; SQL [n/a]
614	2025-08-26 23:36:39.532826+03	ERROR	Runtime Error: JDBC exception executing SQL [/* SELECT e FROM Event e WHERE e.city = :city AND FUNCTION('WEEK', e.date) = :weekNumber */ select e1_0.id,e1_0.city_id,e1_0.created_at,e1_0.date,e1_0.description,e1_0.profile_id,e1_0.thumbnail_url,e1_0.title,e1_0.type_id,e1_0.updated_at from events e1_0 where e1_0.city_id=? and week(e1_0.date)=?] [ERROR: function week(timestamp with time zone) does not exist\n  Hint: No function matches the given name and argument types. You might need to add explicit type casts.\n  Position: 282] [n/a]; SQL [n/a]
615	2025-08-26 23:49:42.781749+03	ERROR	Runtime Error: JDBC exception executing SQL [/* dynamic native SQL query */ SELECT *\nFROM events e\nWHERE e.city_id = ?\n  AND EXTRACT(ISOWEEK FROM e.date) = ?\n] [ERROR: unit "isoweek" not recognized for type timestamp with time zone] [n/a]; SQL [n/a]
616	2025-08-27 09:21:02.148065+03	ERROR	Runtime Error: Cannot invoke "com.cakmak.mondatelier.Model.City.getName()" because the return value of "com.cakmak.mondatelier.Model.Masterclass.getCity()" is null
617	2025-08-27 09:21:02.194263+03	ERROR	Runtime Error: Cannot invoke "com.cakmak.mondatelier.Model.City.getName()" because the return value of "com.cakmak.mondatelier.Model.Masterclass.getCity()" is null
618	2025-08-27 10:37:25.839948+03	ERROR	Runtime Error: Cannot invoke "com.cakmak.mondatelier.Model.City.getName()" because the return value of "com.cakmak.mondatelier.Model.Masterclass.getCity()" is null
619	2025-08-27 10:37:25.856839+03	ERROR	Runtime Error: Cannot invoke "com.cakmak.mondatelier.Model.City.getName()" because the return value of "com.cakmak.mondatelier.Model.Masterclass.getCity()" is null
620	2025-08-27 10:52:54.827364+03	ERROR	Runtime Error: Cannot invoke "com.cakmak.mondatelier.Model.City.getName()" because the return value of "com.cakmak.mondatelier.Model.Masterclass.getCity()" is null
621	2025-08-27 10:52:54.842748+03	ERROR	Runtime Error: Cannot invoke "com.cakmak.mondatelier.Model.City.getName()" because the return value of "com.cakmak.mondatelier.Model.Masterclass.getCity()" is null
622	2025-08-27 19:05:47.070244+03	ERROR	Runtime Error: Cannot invoke "com.cakmak.mondatelier.Model.City.getName()" because the return value of "com.cakmak.mondatelier.Model.Masterclass.getCity()" is null
623	2025-08-27 19:05:47.075782+03	ERROR	Runtime Error: Cannot invoke "com.cakmak.mondatelier.Model.City.getName()" because the return value of "com.cakmak.mondatelier.Model.Masterclass.getCity()" is null
624	2025-08-27 19:07:04.07356+03	ERROR	Runtime Error: Cannot invoke "com.cakmak.mondatelier.Model.City.getName()" because the return value of "com.cakmak.mondatelier.Model.Masterclass.getCity()" is null
625	2025-08-27 19:07:04.075526+03	ERROR	Runtime Error: Cannot invoke "com.cakmak.mondatelier.Model.City.getName()" because the return value of "com.cakmak.mondatelier.Model.Masterclass.getCity()" is null
627	2025-08-27 19:10:46.74111+03	ERROR	Runtime Error: Cannot invoke "com.cakmak.mondatelier.Model.City.getName()" because the return value of "com.cakmak.mondatelier.Model.Masterclass.getCity()" is null
626	2025-08-27 19:10:46.74111+03	ERROR	Runtime Error: Cannot invoke "com.cakmak.mondatelier.Model.City.getName()" because the return value of "com.cakmak.mondatelier.Model.Masterclass.getCity()" is null
628	2025-08-27 19:11:19.196898+03	ERROR	Runtime Error: Cannot invoke "com.cakmak.mondatelier.Model.City.getName()" because the return value of "com.cakmak.mondatelier.Model.Masterclass.getCity()" is null
629	2025-08-27 19:11:19.206582+03	ERROR	Runtime Error: Cannot invoke "com.cakmak.mondatelier.Model.City.getName()" because the return value of "com.cakmak.mondatelier.Model.Masterclass.getCity()" is null
630	2025-08-27 19:12:00.726292+03	ERROR	Runtime Error: Cannot invoke "com.cakmak.mondatelier.Model.City.getName()" because the return value of "com.cakmak.mondatelier.Model.Masterclass.getCity()" is null
631	2025-08-27 19:12:00.734266+03	ERROR	Runtime Error: Cannot invoke "com.cakmak.mondatelier.Model.City.getName()" because the return value of "com.cakmak.mondatelier.Model.Masterclass.getCity()" is null
632	2025-08-27 19:13:56.683429+03	ERROR	Runtime Error: Cannot invoke "com.cakmak.mondatelier.Model.City.getName()" because the return value of "com.cakmak.mondatelier.Model.Masterclass.getCity()" is null
633	2025-08-27 19:13:56.683429+03	ERROR	Runtime Error: Cannot invoke "com.cakmak.mondatelier.Model.City.getName()" because the return value of "com.cakmak.mondatelier.Model.Masterclass.getCity()" is null
634	2025-08-27 19:14:43.374852+03	ERROR	Runtime Error: Cannot invoke "com.cakmak.mondatelier.Model.City.getName()" because the return value of "com.cakmak.mondatelier.Model.Masterclass.getCity()" is null
635	2025-08-27 19:14:43.384787+03	ERROR	Runtime Error: Cannot invoke "com.cakmak.mondatelier.Model.City.getName()" because the return value of "com.cakmak.mondatelier.Model.Masterclass.getCity()" is null
636	2025-08-27 19:14:46.508122+03	ERROR	Runtime Error: Cannot invoke "com.cakmak.mondatelier.Model.City.getName()" because the return value of "com.cakmak.mondatelier.Model.Masterclass.getCity()" is null
637	2025-08-27 19:14:46.508118+03	ERROR	Runtime Error: Cannot invoke "com.cakmak.mondatelier.Model.City.getName()" because the return value of "com.cakmak.mondatelier.Model.Masterclass.getCity()" is null
638	2025-08-27 19:15:30.37397+03	ERROR	Runtime Error: Cannot invoke "com.cakmak.mondatelier.Model.City.getName()" because the return value of "com.cakmak.mondatelier.Model.Masterclass.getCity()" is null
639	2025-08-27 19:15:30.391261+03	ERROR	Runtime Error: Cannot invoke "com.cakmak.mondatelier.Model.City.getName()" because the return value of "com.cakmak.mondatelier.Model.Masterclass.getCity()" is null
640	2025-08-27 19:17:36.948133+03	ERROR	Runtime Error: Cannot invoke "com.cakmak.mondatelier.Model.City.getName()" because the return value of "com.cakmak.mondatelier.Model.Masterclass.getCity()" is null
641	2025-08-27 19:17:36.960502+03	ERROR	Runtime Error: Cannot invoke "com.cakmak.mondatelier.Model.City.getName()" because the return value of "com.cakmak.mondatelier.Model.Masterclass.getCity()" is null
642	2025-08-27 19:18:32.680725+03	ERROR	Runtime Error: Cannot invoke "com.cakmak.mondatelier.Model.City.getName()" because the return value of "com.cakmak.mondatelier.Model.Masterclass.getCity()" is null
643	2025-08-27 19:18:32.701274+03	ERROR	Runtime Error: Cannot invoke "com.cakmak.mondatelier.Model.City.getName()" because the return value of "com.cakmak.mondatelier.Model.Masterclass.getCity()" is null
644	2025-08-28 05:51:49.43933+03	ERROR	Runtime Error: Cannot invoke "com.cakmak.mondatelier.Model.City.getName()" because the return value of "com.cakmak.mondatelier.Model.Masterclass.getCity()" is null
645	2025-08-28 05:51:49.45705+03	ERROR	Runtime Error: Cannot invoke "com.cakmak.mondatelier.Model.City.getName()" because the return value of "com.cakmak.mondatelier.Model.Masterclass.getCity()" is null
646	2025-08-28 05:52:32.668422+03	ERROR	Runtime Error: Cannot invoke "com.cakmak.mondatelier.Model.City.getName()" because the return value of "com.cakmak.mondatelier.Model.Masterclass.getCity()" is null
647	2025-08-28 05:52:32.706986+03	ERROR	Runtime Error: Cannot invoke "com.cakmak.mondatelier.Model.City.getName()" because the return value of "com.cakmak.mondatelier.Model.Masterclass.getCity()" is null
648	2025-08-28 05:54:24.669997+03	ERROR	Runtime Error: Cannot invoke "com.cakmak.mondatelier.Model.City.getName()" because the return value of "com.cakmak.mondatelier.Model.Masterclass.getCity()" is null
649	2025-08-28 05:54:29.524244+03	ERROR	Runtime Error: Cannot invoke "com.cakmak.mondatelier.Model.City.getName()" because the return value of "com.cakmak.mondatelier.Model.Masterclass.getCity()" is null
650	2025-08-28 05:54:29.524244+03	ERROR	Runtime Error: Cannot invoke "com.cakmak.mondatelier.Model.City.getName()" because the return value of "com.cakmak.mondatelier.Model.Masterclass.getCity()" is null
651	2025-08-28 05:54:39.569486+03	ERROR	Runtime Error: Cannot invoke "com.cakmak.mondatelier.Model.City.getName()" because the return value of "com.cakmak.mondatelier.Model.Masterclass.getCity()" is null
652	2025-08-28 05:54:46.370699+03	ERROR	Runtime Error: Cannot invoke "com.cakmak.mondatelier.Model.City.getName()" because the return value of "com.cakmak.mondatelier.Model.Masterclass.getCity()" is null
653	2025-08-28 05:57:10.651986+03	ERROR	Runtime Error: Cannot invoke "com.cakmak.mondatelier.Model.City.getName()" because the return value of "com.cakmak.mondatelier.Model.Masterclass.getCity()" is null
654	2025-08-28 05:57:10.667224+03	ERROR	Runtime Error: Cannot invoke "com.cakmak.mondatelier.Model.City.getName()" because the return value of "com.cakmak.mondatelier.Model.Masterclass.getCity()" is null
656	2025-08-28 05:57:12.672186+03	ERROR	Runtime Error: Cannot invoke "com.cakmak.mondatelier.Model.City.getName()" because the return value of "com.cakmak.mondatelier.Model.Masterclass.getCity()" is null
655	2025-08-28 05:57:12.672186+03	ERROR	Runtime Error: Cannot invoke "com.cakmak.mondatelier.Model.City.getName()" because the return value of "com.cakmak.mondatelier.Model.Masterclass.getCity()" is null
657	2025-08-28 05:57:15.647878+03	ERROR	Runtime Error: Cannot invoke "com.cakmak.mondatelier.Model.City.getName()" because the return value of "com.cakmak.mondatelier.Model.Masterclass.getCity()" is null
658	2025-08-28 05:57:15.651266+03	ERROR	Runtime Error: Cannot invoke "com.cakmak.mondatelier.Model.City.getName()" because the return value of "com.cakmak.mondatelier.Model.Masterclass.getCity()" is null
659	2025-08-28 05:57:42.96951+03	ERROR	Runtime Error: Cannot invoke "com.cakmak.mondatelier.Model.City.getName()" because the return value of "com.cakmak.mondatelier.Model.Masterclass.getCity()" is null
660	2025-08-28 05:58:10.158872+03	ERROR	Runtime Error: Cannot invoke "com.cakmak.mondatelier.Model.City.getName()" because the return value of "com.cakmak.mondatelier.Model.Masterclass.getCity()" is null
661	2025-08-28 05:58:10.172201+03	ERROR	Runtime Error: Cannot invoke "com.cakmak.mondatelier.Model.City.getName()" because the return value of "com.cakmak.mondatelier.Model.Masterclass.getCity()" is null
662	2025-08-28 05:59:13.857773+03	ERROR	Runtime Error: Cannot invoke "com.cakmak.mondatelier.Model.City.getName()" because the return value of "com.cakmak.mondatelier.Model.Masterclass.getCity()" is null
663	2025-08-28 05:59:13.859852+03	ERROR	Runtime Error: Cannot invoke "com.cakmak.mondatelier.Model.City.getName()" because the return value of "com.cakmak.mondatelier.Model.Masterclass.getCity()" is null
664	2025-08-28 06:01:49.575585+03	ERROR	Runtime Error: Cannot invoke "com.cakmak.mondatelier.Model.City.getName()" because the return value of "com.cakmak.mondatelier.Model.Masterclass.getCity()" is null
665	2025-08-28 06:01:49.61698+03	ERROR	Runtime Error: Cannot invoke "com.cakmak.mondatelier.Model.City.getName()" because the return value of "com.cakmak.mondatelier.Model.Masterclass.getCity()" is null
666	2025-08-28 06:02:55.825309+03	ERROR	Runtime Error: Cannot invoke "com.cakmak.mondatelier.Model.City.getName()" because the return value of "com.cakmak.mondatelier.Model.Masterclass.getCity()" is null
667	2025-08-28 06:02:55.86194+03	ERROR	Runtime Error: Cannot invoke "com.cakmak.mondatelier.Model.City.getName()" because the return value of "com.cakmak.mondatelier.Model.Masterclass.getCity()" is null
668	2025-08-28 06:03:34.874436+03	ERROR	Runtime Error: Cannot invoke "com.cakmak.mondatelier.Model.City.getName()" because the return value of "com.cakmak.mondatelier.Model.Masterclass.getCity()" is null
669	2025-08-28 06:03:34.887644+03	ERROR	Runtime Error: Cannot invoke "com.cakmak.mondatelier.Model.City.getName()" because the return value of "com.cakmak.mondatelier.Model.Masterclass.getCity()" is null
670	2025-08-28 06:03:59.302108+03	ERROR	Runtime Error: Cannot invoke "com.cakmak.mondatelier.Model.City.getName()" because the return value of "com.cakmak.mondatelier.Model.Masterclass.getCity()" is null
671	2025-08-28 06:03:59.304794+03	ERROR	Runtime Error: Cannot invoke "com.cakmak.mondatelier.Model.City.getName()" because the return value of "com.cakmak.mondatelier.Model.Masterclass.getCity()" is null
672	2025-08-28 06:04:01.410797+03	ERROR	Runtime Error: Cannot invoke "com.cakmak.mondatelier.Model.City.getName()" because the return value of "com.cakmak.mondatelier.Model.Masterclass.getCity()" is null
673	2025-08-28 06:04:01.414752+03	ERROR	Runtime Error: Cannot invoke "com.cakmak.mondatelier.Model.City.getName()" because the return value of "com.cakmak.mondatelier.Model.Masterclass.getCity()" is null
674	2025-08-28 06:04:28.486661+03	ERROR	Runtime Error: Cannot invoke "com.cakmak.mondatelier.Model.City.getName()" because the return value of "com.cakmak.mondatelier.Model.Masterclass.getCity()" is null
675	2025-08-28 06:04:28.508607+03	ERROR	Runtime Error: Cannot invoke "com.cakmak.mondatelier.Model.City.getName()" because the return value of "com.cakmak.mondatelier.Model.Masterclass.getCity()" is null
676	2025-08-28 06:04:31.99936+03	ERROR	Runtime Error: Cannot invoke "com.cakmak.mondatelier.Model.City.getName()" because the return value of "com.cakmak.mondatelier.Model.Masterclass.getCity()" is null
677	2025-08-28 06:04:31.998731+03	ERROR	Runtime Error: Cannot invoke "com.cakmak.mondatelier.Model.City.getName()" because the return value of "com.cakmak.mondatelier.Model.Masterclass.getCity()" is null
678	2025-08-28 06:04:42.995143+03	ERROR	Runtime Error: Cannot invoke "com.cakmak.mondatelier.Model.City.getName()" because the return value of "com.cakmak.mondatelier.Model.Masterclass.getCity()" is null
679	2025-08-28 06:04:42.996093+03	ERROR	Runtime Error: Cannot invoke "com.cakmak.mondatelier.Model.City.getName()" because the return value of "com.cakmak.mondatelier.Model.Masterclass.getCity()" is null
681	2025-08-28 06:05:27.034323+03	ERROR	Runtime Error: Cannot invoke "com.cakmak.mondatelier.Model.City.getName()" because the return value of "com.cakmak.mondatelier.Model.Masterclass.getCity()" is null
684	2025-08-28 06:10:02.987547+03	ERROR	Runtime Error: Cannot invoke "com.cakmak.mondatelier.Model.City.getName()" because the return value of "com.cakmak.mondatelier.Model.Masterclass.getCity()" is null
680	2025-08-28 06:05:27.034323+03	ERROR	Runtime Error: Cannot invoke "com.cakmak.mondatelier.Model.City.getName()" because the return value of "com.cakmak.mondatelier.Model.Masterclass.getCity()" is null
685	2025-08-28 06:10:15.418235+03	ERROR	Runtime Error: Cannot invoke "com.cakmak.mondatelier.Model.City.getName()" because the return value of "com.cakmak.mondatelier.Model.Masterclass.getCity()" is null
682	2025-08-28 06:05:38.844622+03	ERROR	Runtime Error: Cannot invoke "com.cakmak.mondatelier.Model.City.getName()" because the return value of "com.cakmak.mondatelier.Model.Masterclass.getCity()" is null
683	2025-08-28 06:10:02.974031+03	ERROR	Runtime Error: Cannot invoke "com.cakmak.mondatelier.Model.City.getName()" because the return value of "com.cakmak.mondatelier.Model.Masterclass.getCity()" is null
686	2025-08-28 06:10:24.815257+03	ERROR	Runtime Error: Cannot invoke "com.cakmak.mondatelier.Model.City.getName()" because the return value of "com.cakmak.mondatelier.Model.Masterclass.getCity()" is null
687	2025-08-28 06:10:24.827674+03	ERROR	Runtime Error: Cannot invoke "com.cakmak.mondatelier.Model.City.getName()" because the return value of "com.cakmak.mondatelier.Model.Masterclass.getCity()" is null
688	2025-08-29 10:02:02.355771+03	ERROR	Runtime Error: Cannot invoke "com.cakmak.mondatelier.Model.City.getName()" because the return value of "com.cakmak.mondatelier.Model.Masterclass.getCity()" is null
689	2025-08-29 10:02:02.40265+03	ERROR	Runtime Error: Cannot invoke "com.cakmak.mondatelier.Model.City.getName()" because the return value of "com.cakmak.mondatelier.Model.Masterclass.getCity()" is null
691	2025-08-29 10:54:30.509472+03	ERROR	Runtime Error: Cannot invoke "com.cakmak.mondatelier.Model.Country.getCities()" because "country" is null
692	2025-08-29 10:54:30.527334+03	ERROR	Runtime Error: Cannot invoke "com.cakmak.mondatelier.Model.Country.getCities()" because "country" is null
693	2025-08-29 10:54:30.527467+03	ERROR	Runtime Error: Cannot invoke "com.cakmak.mondatelier.Model.Country.getCities()" because "country" is null
694	2025-08-29 10:54:30.528785+03	ERROR	Runtime Error: Cannot invoke "com.cakmak.mondatelier.Model.Country.getCities()" because "country" is null
695	2025-08-29 10:54:31.775889+03	ERROR	Runtime Error: Cannot invoke "com.cakmak.mondatelier.Model.Country.getCities()" because "country" is null
696	2025-08-29 10:58:40.470872+03	ERROR	Runtime Error: Cannot invoke "com.cakmak.mondatelier.Model.Country.getCities()" because "country" is null
697	2025-08-29 14:20:45.826705+03	ERROR	Runtime Error: Cannot invoke "com.cakmak.mondatelier.Model.City.getName()" because the return value of "com.cakmak.mondatelier.Model.Masterclass.getCity()" is null
698	2025-08-29 14:20:45.874752+03	ERROR	Runtime Error: Cannot invoke "com.cakmak.mondatelier.Model.City.getName()" because the return value of "com.cakmak.mondatelier.Model.Masterclass.getCity()" is null
699	2025-08-29 14:22:40.644198+03	ERROR	Runtime Error: Cannot invoke "com.cakmak.mondatelier.Model.City.getName()" because the return value of "com.cakmak.mondatelier.Model.Masterclass.getCity()" is null
700	2025-08-29 14:22:40.669964+03	ERROR	Runtime Error: Cannot invoke "com.cakmak.mondatelier.Model.City.getName()" because the return value of "com.cakmak.mondatelier.Model.Masterclass.getCity()" is null
703	2025-08-29 17:05:24.31355+03	ERROR	Runtime Error: JWT strings must contain exactly 2 period characters. Found: 0
704	2025-08-29 17:05:24.330667+03	ERROR	Runtime Error: JWT strings must contain exactly 2 period characters. Found: 0
705	2025-08-29 17:05:24.337625+03	ERROR	Runtime Error: JWT strings must contain exactly 2 period characters. Found: 0
706	2025-08-29 17:05:30.653874+03	ERROR	Runtime Error: JWT strings must contain exactly 2 period characters. Found: 0
707	2025-08-29 17:05:45.887394+03	ERROR	Runtime Error: JWT strings must contain exactly 2 period characters. Found: 0
708	2025-08-29 17:05:54.304715+03	ERROR	Runtime Error: JWT strings must contain exactly 2 period characters. Found: 0
709	2025-08-29 17:06:02.00065+03	ERROR	Runtime Error: JWT strings must contain exactly 2 period characters. Found: 0
710	2025-08-29 17:55:52.108935+03	ERROR	Runtime Error: JWT strings must contain exactly 2 period characters. Found: 0
711	2025-08-29 17:55:52.119091+03	ERROR	Runtime Error: JWT strings must contain exactly 2 period characters. Found: 0
712	2025-08-29 18:29:19.167612+03	ERROR	Runtime Error: JWT strings must contain exactly 2 period characters. Found: 0
713	2025-08-29 18:29:19.727528+03	ERROR	Runtime Error: JWT strings must contain exactly 2 period characters. Found: 0
714	2025-08-29 18:36:15.981961+03	ERROR	Runtime Error: JWT strings must contain exactly 2 period characters. Found: 0
715	2025-08-29 18:36:16.78748+03	ERROR	Runtime Error: JWT strings must contain exactly 2 period characters. Found: 0
716	2025-08-29 18:36:16.791352+03	ERROR	Runtime Error: JWT strings must contain exactly 2 period characters. Found: 0
717	2025-08-29 18:37:08.209357+03	ERROR	Runtime Error: JWT strings must contain exactly 2 period characters. Found: 0
718	2025-08-29 18:37:08.223411+03	ERROR	Runtime Error: JWT strings must contain exactly 2 period characters. Found: 0
719	2025-08-29 18:38:12.439298+03	ERROR	Runtime Error: JWT strings must contain exactly 2 period characters. Found: 0
720	2025-08-29 18:38:12.452425+03	ERROR	Runtime Error: JWT strings must contain exactly 2 period characters. Found: 0
721	2025-08-29 18:40:37.798656+03	ERROR	Runtime Error: JWT strings must contain exactly 2 period characters. Found: 0
722	2025-08-29 18:40:37.902438+03	ERROR	Runtime Error: JWT strings must contain exactly 2 period characters. Found: 0
723	2025-08-29 20:49:00.435662+03	ERROR	Runtime Error: JWT strings must contain exactly 2 period characters. Found: 0
724	2025-08-29 20:49:00.448371+03	ERROR	Runtime Error: JWT strings must contain exactly 2 period characters. Found: 0
725	2025-08-29 20:50:24.927787+03	ERROR	Runtime Error: Profile not found
726	2025-08-29 20:50:24.928629+03	ERROR	Runtime Error: Profile not found
727	2025-08-29 20:56:23.369685+03	ERROR	Runtime Error: User's profile and target profile don't match
728	2025-08-29 20:56:23.369684+03	ERROR	Runtime Error: No enum constant com.cakmak.mondatelier.enums.LanguageTypes.en
729	2025-08-29 20:56:29.381796+03	ERROR	Runtime Error: No enum constant com.cakmak.mondatelier.enums.LanguageTypes.en
730	2025-08-29 20:56:29.411499+03	ERROR	Runtime Error: could not execute statement [ERROR: permission denied for sequence user_preferences_id_seq] [/* insert for com.cakmak.mondatelier.Model.Preferences */insert into user_preferences (animations,language_id,notifications,preferred_city_id,preferred_country_id,profile_id) values (?,?,?,?,?,?)]; SQL [/* insert for com.cakmak.mondatelier.Model.Preferences */insert into user_preferences (animations,language_id,notifications,preferred_city_id,preferred_country_id,profile_id) values (?,?,?,?,?,?)]
731	2025-08-29 20:59:08.934767+03	ERROR	Runtime Error: No enum constant com.cakmak.mondatelier.enums.LanguageTypes.en
732	2025-08-29 20:59:08.940597+03	ERROR	Runtime Error: could not execute statement [ERROR: permission denied for sequence user_preferences_id_seq] [/* insert for com.cakmak.mondatelier.Model.Preferences */insert into user_preferences (animations,language_id,notifications,preferred_city_id,preferred_country_id,profile_id) values (?,?,?,?,?,?)]; SQL [/* insert for com.cakmak.mondatelier.Model.Preferences */insert into user_preferences (animations,language_id,notifications,preferred_city_id,preferred_country_id,profile_id) values (?,?,?,?,?,?)]
733	2025-08-29 20:59:29.675715+03	ERROR	Runtime Error: No enum constant com.cakmak.mondatelier.enums.LanguageTypes.en
734	2025-08-29 20:59:29.681698+03	ERROR	Runtime Error: could not execute statement [ERROR: permission denied for sequence user_preferences_id_seq] [/* insert for com.cakmak.mondatelier.Model.Preferences */insert into user_preferences (animations,language_id,notifications,preferred_city_id,preferred_country_id,profile_id) values (?,?,?,?,?,?)]; SQL [/* insert for com.cakmak.mondatelier.Model.Preferences */insert into user_preferences (animations,language_id,notifications,preferred_city_id,preferred_country_id,profile_id) values (?,?,?,?,?,?)]
735	2025-08-29 21:00:08.071505+03	ERROR	Runtime Error: JWT strings must contain exactly 2 period characters. Found: 0
736	2025-08-29 21:00:08.081247+03	ERROR	Runtime Error: JWT strings must contain exactly 2 period characters. Found: 0
737	2025-08-29 21:00:08.379922+03	ERROR	Runtime Error: JWT strings must contain exactly 2 period characters. Found: 0
738	2025-08-29 21:00:11.907698+03	ERROR	Runtime Error: JWT strings must contain exactly 2 period characters. Found: 0
739	2025-08-29 21:00:11.907699+03	ERROR	Runtime Error: JWT strings must contain exactly 2 period characters. Found: 0
740	2025-08-29 21:00:25.692491+03	ERROR	Runtime Error: JWT strings must contain exactly 2 period characters. Found: 0
741	2025-08-29 21:00:25.692481+03	ERROR	Runtime Error: JWT strings must contain exactly 2 period characters. Found: 0
742	2025-08-29 21:00:29.226515+03	ERROR	Runtime Error: JWT strings must contain exactly 2 period characters. Found: 0
743	2025-08-29 21:00:29.226515+03	ERROR	Runtime Error: JWT strings must contain exactly 2 period characters. Found: 0
744	2025-08-29 21:00:35.39065+03	ERROR	Runtime Error: JWT strings must contain exactly 2 period characters. Found: 0
745	2025-08-29 21:00:35.39065+03	ERROR	Runtime Error: JWT strings must contain exactly 2 period characters. Found: 0
746	2025-08-29 21:01:51.680074+03	ERROR	Runtime Error: JWT strings must contain exactly 2 period characters. Found: 0
747	2025-08-29 21:01:51.68361+03	ERROR	Runtime Error: JWT strings must contain exactly 2 period characters. Found: 0
748	2025-08-29 21:02:03.954564+03	ERROR	Runtime Error: JWT strings must contain exactly 2 period characters. Found: 0
749	2025-08-29 21:02:03.954564+03	ERROR	Runtime Error: JWT strings must contain exactly 2 period characters. Found: 0
750	2025-08-29 21:04:50.733579+03	ERROR	Runtime Error: JWT strings must contain exactly 2 period characters. Found: 0
751	2025-08-29 21:04:51.044615+03	ERROR	Runtime Error: JWT strings must contain exactly 2 period characters. Found: 0
752	2025-08-29 21:04:51.062574+03	ERROR	Runtime Error: JWT strings must contain exactly 2 period characters. Found: 0
753	2025-08-29 21:04:58.984984+03	ERROR	Runtime Error: JWT strings must contain exactly 2 period characters. Found: 0
754	2025-08-29 21:04:58.984984+03	ERROR	Runtime Error: JWT strings must contain exactly 2 period characters. Found: 0
781	2025-08-29 21:17:23.680729+03	ERROR	Runtime Error: Profile not found
755	2025-08-29 21:05:07.485855+03	ERROR	Runtime Error: JWT strings must contain exactly 2 period characters. Found: 0
758	2025-08-29 21:05:46.456824+03	ERROR	Runtime Error: JWT strings must contain exactly 2 period characters. Found: 0
759	2025-08-29 21:05:48.323822+03	ERROR	Runtime Error: JWT strings must contain exactly 2 period characters. Found: 0
765	2025-08-29 21:06:08.879094+03	ERROR	Runtime Error: Profile not found
767	2025-08-29 21:06:23.25122+03	ERROR	Runtime Error: could not execute statement [ERROR: permission denied for sequence user_preferences_id_seq] [/* insert for com.cakmak.mondatelier.Model.Preferences */insert into user_preferences (animations,language_id,notifications,preferred_city_id,preferred_country_id,profile_id) values (?,?,?,?,?,?)]; SQL [/* insert for com.cakmak.mondatelier.Model.Preferences */insert into user_preferences (animations,language_id,notifications,preferred_city_id,preferred_country_id,profile_id) values (?,?,?,?,?,?)]
768	2025-08-29 21:06:28.592351+03	ERROR	Runtime Error: could not execute statement [ERROR: permission denied for sequence user_preferences_id_seq] [/* insert for com.cakmak.mondatelier.Model.Preferences */insert into user_preferences (animations,language_id,notifications,preferred_city_id,preferred_country_id,profile_id) values (?,?,?,?,?,?)]; SQL [/* insert for com.cakmak.mondatelier.Model.Preferences */insert into user_preferences (animations,language_id,notifications,preferred_city_id,preferred_country_id,profile_id) values (?,?,?,?,?,?)]
770	2025-08-29 21:06:39.370397+03	ERROR	Runtime Error: could not execute statement [ERROR: permission denied for sequence user_preferences_id_seq] [/* insert for com.cakmak.mondatelier.Model.Preferences */insert into user_preferences (animations,language_id,notifications,preferred_city_id,preferred_country_id,profile_id) values (?,?,?,?,?,?)]; SQL [/* insert for com.cakmak.mondatelier.Model.Preferences */insert into user_preferences (animations,language_id,notifications,preferred_city_id,preferred_country_id,profile_id) values (?,?,?,?,?,?)]
772	2025-08-29 21:09:02.568855+03	ERROR	Runtime Error: JWT strings must contain exactly 2 period characters. Found: 0
773	2025-08-29 21:09:02.576753+03	ERROR	Runtime Error: JWT strings must contain exactly 2 period characters. Found: 0
774	2025-08-29 21:09:07.56056+03	ERROR	Runtime Error: JWT strings must contain exactly 2 period characters. Found: 0
776	2025-08-29 21:09:41.739961+03	ERROR	Runtime Error: JWT strings must contain exactly 2 period characters. Found: 0
780	2025-08-29 21:17:23.67442+03	ERROR	Runtime Error: Profile not found
782	2025-08-29 21:17:23.701397+03	ERROR	Runtime Error: Profile not found
783	2025-08-29 21:17:52.881285+03	ERROR	Runtime Error: class java.lang.String cannot be cast to class com.cakmak.mondatelier.Model.User (java.lang.String is in module java.base of loader 'bootstrap'; com.cakmak.mondatelier.Model.User is in unnamed module of loader org.springframework.boot.devtools.restart.classloader.RestartClassLoader @f054063)
788	2025-08-29 21:20:50.044083+03	ERROR	Runtime Error: class java.lang.String cannot be cast to class com.cakmak.mondatelier.Model.User (java.lang.String is in module java.base of loader 'bootstrap'; com.cakmak.mondatelier.Model.User is in unnamed module of loader org.springframework.boot.devtools.restart.classloader.RestartClassLoader @f054063)
756	2025-08-29 21:05:07.485855+03	ERROR	Runtime Error: JWT strings must contain exactly 2 period characters. Found: 0
760	2025-08-29 21:05:48.32382+03	ERROR	Runtime Error: JWT strings must contain exactly 2 period characters. Found: 0
761	2025-08-29 21:05:50.262985+03	ERROR	Runtime Error: JWT strings must contain exactly 2 period characters. Found: 0
763	2025-08-29 21:05:58.241863+03	ERROR	Runtime Error: JWT strings must contain exactly 2 period characters. Found: 0
769	2025-08-29 21:06:28.592351+03	ERROR	Runtime Error: could not execute statement [ERROR: permission denied for sequence user_preferences_id_seq] [/* insert for com.cakmak.mondatelier.Model.Preferences */insert into user_preferences (animations,language_id,notifications,preferred_city_id,preferred_country_id,profile_id) values (?,?,?,?,?,?)]; SQL [/* insert for com.cakmak.mondatelier.Model.Preferences */insert into user_preferences (animations,language_id,notifications,preferred_city_id,preferred_country_id,profile_id) values (?,?,?,?,?,?)]
775	2025-08-29 21:09:07.56056+03	ERROR	Runtime Error: JWT strings must contain exactly 2 period characters. Found: 0
785	2025-08-29 21:18:03.324145+03	ERROR	Runtime Error: class java.lang.String cannot be cast to class com.cakmak.mondatelier.Model.User (java.lang.String is in module java.base of loader 'bootstrap'; com.cakmak.mondatelier.Model.User is in unnamed module of loader org.springframework.boot.devtools.restart.classloader.RestartClassLoader @f054063)
757	2025-08-29 21:05:46.456829+03	ERROR	Runtime Error: JWT strings must contain exactly 2 period characters. Found: 0
762	2025-08-29 21:05:50.262985+03	ERROR	Runtime Error: JWT strings must contain exactly 2 period characters. Found: 0
764	2025-08-29 21:06:08.868612+03	ERROR	Runtime Error: Profile not found
766	2025-08-29 21:06:23.25122+03	ERROR	Runtime Error: could not execute statement [ERROR: permission denied for sequence user_preferences_id_seq] [/* insert for com.cakmak.mondatelier.Model.Preferences */insert into user_preferences (animations,language_id,notifications,preferred_city_id,preferred_country_id,profile_id) values (?,?,?,?,?,?)]; SQL [/* insert for com.cakmak.mondatelier.Model.Preferences */insert into user_preferences (animations,language_id,notifications,preferred_city_id,preferred_country_id,profile_id) values (?,?,?,?,?,?)]
771	2025-08-29 21:06:39.370397+03	ERROR	Runtime Error: could not execute statement [ERROR: permission denied for sequence user_preferences_id_seq] [/* insert for com.cakmak.mondatelier.Model.Preferences */insert into user_preferences (animations,language_id,notifications,preferred_city_id,preferred_country_id,profile_id) values (?,?,?,?,?,?)]; SQL [/* insert for com.cakmak.mondatelier.Model.Preferences */insert into user_preferences (animations,language_id,notifications,preferred_city_id,preferred_country_id,profile_id) values (?,?,?,?,?,?)]
777	2025-08-29 21:13:38.308829+03	ERROR	Runtime Error: JWT strings must contain exactly 2 period characters. Found: 0
778	2025-08-29 21:13:38.308442+03	ERROR	Runtime Error: JWT strings must contain exactly 2 period characters. Found: 0
779	2025-08-29 21:15:01.850576+03	ERROR	Runtime Error: JWT strings must contain exactly 2 period characters. Found: 0
784	2025-08-29 21:17:52.881285+03	ERROR	Runtime Error: class java.lang.String cannot be cast to class com.cakmak.mondatelier.Model.User (java.lang.String is in module java.base of loader 'bootstrap'; com.cakmak.mondatelier.Model.User is in unnamed module of loader org.springframework.boot.devtools.restart.classloader.RestartClassLoader @f054063)
786	2025-08-29 21:18:03.324145+03	ERROR	Runtime Error: class java.lang.String cannot be cast to class com.cakmak.mondatelier.Model.User (java.lang.String is in module java.base of loader 'bootstrap'; com.cakmak.mondatelier.Model.User is in unnamed module of loader org.springframework.boot.devtools.restart.classloader.RestartClassLoader @f054063)
787	2025-08-29 21:20:50.044082+03	ERROR	Runtime Error: class java.lang.String cannot be cast to class com.cakmak.mondatelier.Model.User (java.lang.String is in module java.base of loader 'bootstrap'; com.cakmak.mondatelier.Model.User is in unnamed module of loader org.springframework.boot.devtools.restart.classloader.RestartClassLoader @f054063)
789	2025-08-29 21:38:06.598853+03	ERROR	Runtime Error: class java.lang.String cannot be cast to class com.cakmak.mondatelier.Model.User (java.lang.String is in module java.base of loader 'bootstrap'; com.cakmak.mondatelier.Model.User is in unnamed module of loader org.springframework.boot.devtools.restart.classloader.RestartClassLoader @f054063)
790	2025-08-29 21:38:06.598853+03	ERROR	Runtime Error: class java.lang.String cannot be cast to class com.cakmak.mondatelier.Model.User (java.lang.String is in module java.base of loader 'bootstrap'; com.cakmak.mondatelier.Model.User is in unnamed module of loader org.springframework.boot.devtools.restart.classloader.RestartClassLoader @f054063)
792	2025-08-29 21:41:42.533925+03	ERROR	Runtime Error: could not execute statement [ERROR: permission denied for sequence cities_id_seq] [/* insert for com.cakmak.mondatelier.Model.City */insert into cities (country_id,name) values (?,?)]; SQL [/* insert for com.cakmak.mondatelier.Model.City */insert into cities (country_id,name) values (?,?)]
791	2025-08-29 21:41:42.533923+03	ERROR	Runtime Error: could not execute statement [ERROR: permission denied for sequence cities_id_seq] [/* insert for com.cakmak.mondatelier.Model.City */insert into cities (country_id,name) values (?,?)]; SQL [/* insert for com.cakmak.mondatelier.Model.City */insert into cities (country_id,name) values (?,?)]
793	2025-08-29 21:44:17.199173+03	ERROR	Runtime Error: City not found
795	2025-08-29 21:51:58.257914+03	ERROR	Runtime Error: Language not found
796	2025-08-29 21:51:58.25793+03	ERROR	Runtime Error: Language not found
798	2025-08-29 21:55:58.487134+03	ERROR	Runtime Error: JDBC exception executing SQL [/* <criteria> */ select l1_0.id,l1_0.name from language l1_0 where l1_0.name=?] [ERROR: operator does not exist: smallint = character varying\n  Hint: No operator matches the given name and argument types. You might need to add explicit type casts.\n  Position: 77] [n/a]; SQL [n/a]
797	2025-08-29 21:55:58.487134+03	ERROR	Runtime Error: JDBC exception executing SQL [/* <criteria> */ select l1_0.id,l1_0.name from language l1_0 where l1_0.name=?] [ERROR: operator does not exist: smallint = character varying\n  Hint: No operator matches the given name and argument types. You might need to add explicit type casts.\n  Position: 77] [n/a]; SQL [n/a]
799	2025-08-29 21:59:18.868729+03	ERROR	Runtime Error: could not execute statement [ERROR: permission denied for sequence user_preferences_id_seq] [/* insert for com.cakmak.mondatelier.Model.Preferences */insert into user_preferences (animations,language_id,notifications,preferred_city_id,preferred_country_id,profile_id) values (?,?,?,?,?,?)]; SQL [/* insert for com.cakmak.mondatelier.Model.Preferences */insert into user_preferences (animations,language_id,notifications,preferred_city_id,preferred_country_id,profile_id) values (?,?,?,?,?,?)]
800	2025-08-29 21:59:18.868729+03	ERROR	Runtime Error: could not execute statement [ERROR: permission denied for sequence user_preferences_id_seq] [/* insert for com.cakmak.mondatelier.Model.Preferences */insert into user_preferences (animations,language_id,notifications,preferred_city_id,preferred_country_id,profile_id) values (?,?,?,?,?,?)]; SQL [/* insert for com.cakmak.mondatelier.Model.Preferences */insert into user_preferences (animations,language_id,notifications,preferred_city_id,preferred_country_id,profile_id) values (?,?,?,?,?,?)]
801	2025-08-29 22:00:29.160297+03	ERROR	Runtime Error: could not execute statement [ERROR: permission denied for sequence user_preferences_id_seq] [/* insert for com.cakmak.mondatelier.Model.Preferences */insert into user_preferences (animations,language_id,notifications,preferred_city_id,preferred_country_id,profile_id) values (?,?,?,?,?,?)]; SQL [/* insert for com.cakmak.mondatelier.Model.Preferences */insert into user_preferences (animations,language_id,notifications,preferred_city_id,preferred_country_id,profile_id) values (?,?,?,?,?,?)]
802	2025-08-29 22:00:29.160297+03	ERROR	Runtime Error: could not execute statement [ERROR: permission denied for sequence user_preferences_id_seq] [/* insert for com.cakmak.mondatelier.Model.Preferences */insert into user_preferences (animations,language_id,notifications,preferred_city_id,preferred_country_id,profile_id) values (?,?,?,?,?,?)]; SQL [/* insert for com.cakmak.mondatelier.Model.Preferences */insert into user_preferences (animations,language_id,notifications,preferred_city_id,preferred_country_id,profile_id) values (?,?,?,?,?,?)]
803	2025-08-29 22:05:48.351161+03	ERROR	Runtime Error: Duplicate row was found and `ASSERT` was specified
804	2025-08-29 22:05:48.351674+03	ERROR	Runtime Error: Duplicate row was found and `ASSERT` was specified
805	2025-08-29 22:05:58.023182+03	ERROR	Runtime Error: Duplicate row was found and `ASSERT` was specified
806	2025-08-29 22:05:58.024913+03	ERROR	Runtime Error: Duplicate row was found and `ASSERT` was specified
807	2025-08-29 22:06:01.441582+03	ERROR	Runtime Error: Duplicate row was found and `ASSERT` was specified
808	2025-08-29 22:06:01.444148+03	ERROR	Runtime Error: Duplicate row was found and `ASSERT` was specified
809	2025-08-29 22:06:09.333305+03	ERROR	Runtime Error: Duplicate row was found and `ASSERT` was specified
810	2025-08-29 22:06:09.333287+03	ERROR	Runtime Error: Duplicate row was found and `ASSERT` was specified
811	2025-08-29 22:06:09.345049+03	ERROR	Runtime Error: Duplicate row was found and `ASSERT` was specified
812	2025-08-29 22:06:09.346197+03	ERROR	Runtime Error: Duplicate row was found and `ASSERT` was specified
813	2025-08-29 22:06:09.359447+03	ERROR	Runtime Error: Duplicate row was found and `ASSERT` was specified
814	2025-08-29 22:06:09.360153+03	ERROR	Runtime Error: Duplicate row was found and `ASSERT` was specified
815	2025-08-29 22:06:21.833917+03	ERROR	Runtime Error: Duplicate row was found and `ASSERT` was specified
816	2025-08-29 22:06:21.839553+03	ERROR	Runtime Error: Duplicate row was found and `ASSERT` was specified
817	2025-08-29 22:06:21.841358+03	ERROR	Runtime Error: Duplicate row was found and `ASSERT` was specified
818	2025-08-29 22:06:21.846949+03	ERROR	Runtime Error: Duplicate row was found and `ASSERT` was specified
819	2025-08-29 22:06:21.84796+03	ERROR	Runtime Error: Duplicate row was found and `ASSERT` was specified
820	2025-08-29 22:06:21.851965+03	ERROR	Runtime Error: Duplicate row was found and `ASSERT` was specified
822	2025-08-29 22:06:21.857496+03	ERROR	Runtime Error: Duplicate row was found and `ASSERT` was specified
821	2025-08-29 22:06:21.857496+03	ERROR	Runtime Error: Duplicate row was found and `ASSERT` was specified
823	2025-08-29 22:06:21.857515+03	ERROR	Runtime Error: Duplicate row was found and `ASSERT` was specified
824	2025-08-29 22:06:21.857831+03	ERROR	Runtime Error: Duplicate row was found and `ASSERT` was specified
825	2025-08-29 22:06:21.858666+03	ERROR	Runtime Error: Duplicate row was found and `ASSERT` was specified
826	2025-08-29 22:06:21.890068+03	ERROR	Runtime Error: Duplicate row was found and `ASSERT` was specified
828	2025-08-29 22:06:21.890003+03	ERROR	Runtime Error: Duplicate row was found and `ASSERT` was specified
827	2025-08-29 22:06:21.890031+03	ERROR	Runtime Error: Duplicate row was found and `ASSERT` was specified
829	2025-08-29 22:06:21.890257+03	ERROR	Runtime Error: Duplicate row was found and `ASSERT` was specified
830	2025-08-29 22:06:21.891008+03	ERROR	Runtime Error: Duplicate row was found and `ASSERT` was specified
831	2025-08-29 22:06:23.940751+03	ERROR	Runtime Error: Duplicate row was found and `ASSERT` was specified
832	2025-08-29 22:06:23.94981+03	ERROR	Runtime Error: Duplicate row was found and `ASSERT` was specified
834	2025-08-29 22:06:23.951875+03	ERROR	Runtime Error: Duplicate row was found and `ASSERT` was specified
833	2025-08-29 22:06:23.951798+03	ERROR	Runtime Error: Duplicate row was found and `ASSERT` was specified
835	2025-08-29 22:06:23.952466+03	ERROR	Runtime Error: Duplicate row was found and `ASSERT` was specified
836	2025-08-29 22:06:23.952913+03	ERROR	Runtime Error: Duplicate row was found and `ASSERT` was specified
838	2025-08-29 22:06:23.986096+03	ERROR	Runtime Error: Duplicate row was found and `ASSERT` was specified
837	2025-08-29 22:06:23.985853+03	ERROR	Runtime Error: Duplicate row was found and `ASSERT` was specified
839	2025-08-29 22:06:23.985811+03	ERROR	Runtime Error: Duplicate row was found and `ASSERT` was specified
840	2025-08-29 22:06:23.986668+03	ERROR	Runtime Error: Duplicate row was found and `ASSERT` was specified
841	2025-08-29 22:06:23.988476+03	ERROR	Runtime Error: Duplicate row was found and `ASSERT` was specified
842	2025-08-29 22:06:25.311808+03	ERROR	Runtime Error: Duplicate row was found and `ASSERT` was specified
843	2025-08-29 22:06:25.311781+03	ERROR	Runtime Error: Duplicate row was found and `ASSERT` was specified
844	2025-08-29 22:06:25.31305+03	ERROR	Runtime Error: Duplicate row was found and `ASSERT` was specified
845	2025-08-29 22:06:25.317434+03	ERROR	Runtime Error: Duplicate row was found and `ASSERT` was specified
848	2025-08-29 22:06:25.370082+03	ERROR	Runtime Error: Duplicate row was found and `ASSERT` was specified
847	2025-08-29 22:06:25.320279+03	ERROR	Runtime Error: Duplicate row was found and `ASSERT` was specified
852	2025-08-29 22:06:25.373448+03	ERROR	Runtime Error: Duplicate row was found and `ASSERT` was specified
857	2025-08-29 22:06:25.378674+03	ERROR	Runtime Error: Duplicate row was found and `ASSERT` was specified
846	2025-08-29 22:06:25.320081+03	ERROR	Runtime Error: Duplicate row was found and `ASSERT` was specified
853	2025-08-29 22:06:25.374336+03	ERROR	Runtime Error: Duplicate row was found and `ASSERT` was specified
859	2025-08-29 22:06:27.800609+03	ERROR	Runtime Error: Duplicate row was found and `ASSERT` was specified
849	2025-08-29 22:06:25.371498+03	ERROR	Runtime Error: Duplicate row was found and `ASSERT` was specified
856	2025-08-29 22:06:25.376438+03	ERROR	Runtime Error: Duplicate row was found and `ASSERT` was specified
850	2025-08-29 22:06:25.372715+03	ERROR	Runtime Error: Duplicate row was found and `ASSERT` was specified
851	2025-08-29 22:06:25.373393+03	ERROR	Runtime Error: Duplicate row was found and `ASSERT` was specified
858	2025-08-29 22:06:27.799082+03	ERROR	Runtime Error: Duplicate row was found and `ASSERT` was specified
854	2025-08-29 22:06:25.374336+03	ERROR	Runtime Error: Duplicate row was found and `ASSERT` was specified
855	2025-08-29 22:06:25.3757+03	ERROR	Runtime Error: Duplicate row was found and `ASSERT` was specified
860	2025-08-29 22:06:55.860063+03	ERROR	Runtime Error: Duplicate row was found and `ASSERT` was specified
861	2025-08-29 22:06:55.861845+03	ERROR	Runtime Error: Duplicate row was found and `ASSERT` was specified
862	2025-08-29 22:06:57.246149+03	ERROR	Runtime Error: Duplicate row was found and `ASSERT` was specified
863	2025-08-29 22:06:57.246149+03	ERROR	Runtime Error: Duplicate row was found and `ASSERT` was specified
864	2025-08-29 22:06:57.270858+03	ERROR	Runtime Error: Duplicate row was found and `ASSERT` was specified
865	2025-08-29 22:06:57.272325+03	ERROR	Runtime Error: Duplicate row was found and `ASSERT` was specified
866	2025-08-29 22:07:05.965008+03	ERROR	Runtime Error: Duplicate row was found and `ASSERT` was specified
867	2025-08-29 22:07:05.965077+03	ERROR	Runtime Error: Duplicate row was found and `ASSERT` was specified
869	2025-08-29 22:07:05.966758+03	ERROR	Runtime Error: Duplicate row was found and `ASSERT` was specified
868	2025-08-29 22:07:05.966758+03	ERROR	Runtime Error: Duplicate row was found and `ASSERT` was specified
870	2025-08-29 22:07:05.979731+03	ERROR	Runtime Error: Duplicate row was found and `ASSERT` was specified
871	2025-08-29 22:07:05.980518+03	ERROR	Runtime Error: Duplicate row was found and `ASSERT` was specified
872	2025-08-29 22:07:18.079177+03	ERROR	Runtime Error: Duplicate row was found and `ASSERT` was specified
873	2025-08-29 22:07:18.080544+03	ERROR	Runtime Error: Duplicate row was found and `ASSERT` was specified
874	2025-08-29 22:07:18.080679+03	ERROR	Runtime Error: Duplicate row was found and `ASSERT` was specified
875	2025-08-29 22:07:18.083805+03	ERROR	Runtime Error: Duplicate row was found and `ASSERT` was specified
876	2025-08-29 22:07:18.086137+03	ERROR	Runtime Error: Duplicate row was found and `ASSERT` was specified
877	2025-08-29 22:07:18.08427+03	ERROR	Runtime Error: Duplicate row was found and `ASSERT` was specified
878	2025-08-29 22:07:18.14471+03	ERROR	Runtime Error: Duplicate row was found and `ASSERT` was specified
879	2025-08-29 22:07:18.145115+03	ERROR	Runtime Error: Duplicate row was found and `ASSERT` was specified
880	2025-08-29 22:07:18.145611+03	ERROR	Runtime Error: Duplicate row was found and `ASSERT` was specified
881	2025-08-29 22:07:18.147073+03	ERROR	Runtime Error: Duplicate row was found and `ASSERT` was specified
883	2025-08-29 22:07:18.149721+03	ERROR	Runtime Error: Duplicate row was found and `ASSERT` was specified
882	2025-08-29 22:07:18.149431+03	ERROR	Runtime Error: Duplicate row was found and `ASSERT` was specified
885	2025-08-29 22:07:18.151671+03	ERROR	Runtime Error: Duplicate row was found and `ASSERT` was specified
884	2025-08-29 22:07:18.151671+03	ERROR	Runtime Error: Duplicate row was found and `ASSERT` was specified
886	2025-08-29 22:07:18.153881+03	ERROR	Runtime Error: Duplicate row was found and `ASSERT` was specified
887	2025-08-29 22:07:18.154591+03	ERROR	Runtime Error: Duplicate row was found and `ASSERT` was specified
888	2025-08-29 22:07:22.25292+03	ERROR	Runtime Error: Duplicate row was found and `ASSERT` was specified
889	2025-08-29 22:07:22.254677+03	ERROR	Runtime Error: Duplicate row was found and `ASSERT` was specified
890	2025-08-29 22:07:23.180099+03	ERROR	Runtime Error: Duplicate row was found and `ASSERT` was specified
891	2025-08-29 22:07:23.185137+03	ERROR	Runtime Error: Duplicate row was found and `ASSERT` was specified
892	2025-08-29 22:07:23.818243+03	ERROR	Runtime Error: Duplicate row was found and `ASSERT` was specified
893	2025-08-29 22:07:23.819544+03	ERROR	Runtime Error: Duplicate row was found and `ASSERT` was specified
894	2025-08-29 22:08:04.083198+03	ERROR	Runtime Error: Duplicate row was found and `ASSERT` was specified
895	2025-08-29 22:08:04.087511+03	ERROR	Runtime Error: Duplicate row was found and `ASSERT` was specified
896	2025-08-29 22:08:05.418848+03	ERROR	Runtime Error: Duplicate row was found and `ASSERT` was specified
897	2025-08-29 22:08:05.423421+03	ERROR	Runtime Error: Duplicate row was found and `ASSERT` was specified
898	2025-08-29 22:08:09.008619+03	ERROR	Runtime Error: Duplicate row was found and `ASSERT` was specified
899	2025-08-29 22:08:09.008618+03	ERROR	Runtime Error: Duplicate row was found and `ASSERT` was specified
900	2025-08-29 22:08:09.010943+03	ERROR	Runtime Error: Duplicate row was found and `ASSERT` was specified
901	2025-08-29 22:08:09.011768+03	ERROR	Runtime Error: Duplicate row was found and `ASSERT` was specified
902	2025-08-29 22:08:09.021652+03	ERROR	Runtime Error: Duplicate row was found and `ASSERT` was specified
903	2025-08-29 22:08:09.021606+03	ERROR	Runtime Error: Duplicate row was found and `ASSERT` was specified
904	2025-08-29 22:08:13.158208+03	ERROR	Runtime Error: Duplicate row was found and `ASSERT` was specified
905	2025-08-29 22:08:13.158435+03	ERROR	Runtime Error: Duplicate row was found and `ASSERT` was specified
906	2025-08-29 22:08:13.158471+03	ERROR	Runtime Error: Duplicate row was found and `ASSERT` was specified
907	2025-08-29 22:08:13.162843+03	ERROR	Runtime Error: Duplicate row was found and `ASSERT` was specified
908	2025-08-29 22:08:13.166065+03	ERROR	Runtime Error: Duplicate row was found and `ASSERT` was specified
909	2025-08-29 22:08:13.169052+03	ERROR	Runtime Error: Duplicate row was found and `ASSERT` was specified
910	2025-08-29 22:08:13.22963+03	ERROR	Runtime Error: Duplicate row was found and `ASSERT` was specified
911	2025-08-29 22:08:13.231773+03	ERROR	Runtime Error: Duplicate row was found and `ASSERT` was specified
912	2025-08-29 22:08:13.231768+03	ERROR	Runtime Error: Duplicate row was found and `ASSERT` was specified
913	2025-08-29 22:08:13.23241+03	ERROR	Runtime Error: Duplicate row was found and `ASSERT` was specified
914	2025-08-29 22:08:13.233753+03	ERROR	Runtime Error: Duplicate row was found and `ASSERT` was specified
915	2025-08-29 22:08:32.640807+03	ERROR	Runtime Error: Duplicate row was found and `ASSERT` was specified
916	2025-08-29 22:08:32.641253+03	ERROR	Runtime Error: Duplicate row was found and `ASSERT` was specified
917	2025-08-29 22:08:32.641512+03	ERROR	Runtime Error: Duplicate row was found and `ASSERT` was specified
918	2025-08-29 22:08:32.678138+03	ERROR	Runtime Error: Duplicate row was found and `ASSERT` was specified
920	2025-08-29 22:08:32.678846+03	ERROR	Runtime Error: Duplicate row was found and `ASSERT` was specified
919	2025-08-29 22:08:32.678846+03	ERROR	Runtime Error: Duplicate row was found and `ASSERT` was specified
921	2025-08-29 22:08:32.699707+03	ERROR	Runtime Error: Duplicate row was found and `ASSERT` was specified
922	2025-08-29 22:08:32.700879+03	ERROR	Runtime Error: Duplicate row was found and `ASSERT` was specified
923	2025-08-29 22:08:32.701335+03	ERROR	Runtime Error: Duplicate row was found and `ASSERT` was specified
924	2025-08-29 22:08:32.703593+03	ERROR	Runtime Error: Duplicate row was found and `ASSERT` was specified
925	2025-08-29 22:08:32.704787+03	ERROR	Runtime Error: Duplicate row was found and `ASSERT` was specified
926	2025-08-29 22:09:18.247105+03	ERROR	Runtime Error: Duplicate row was found and `ASSERT` was specified
927	2025-08-29 22:09:18.247105+03	ERROR	Runtime Error: Duplicate row was found and `ASSERT` was specified
928	2025-08-29 22:09:21.435743+03	ERROR	Runtime Error: Duplicate row was found and `ASSERT` was specified
929	2025-08-29 22:09:21.435743+03	ERROR	Runtime Error: Duplicate row was found and `ASSERT` was specified
930	2025-08-29 22:09:21.44385+03	ERROR	Runtime Error: Duplicate row was found and `ASSERT` was specified
932	2025-08-29 22:09:21.446182+03	ERROR	Runtime Error: Duplicate row was found and `ASSERT` was specified
931	2025-08-29 22:09:21.446182+03	ERROR	Runtime Error: Duplicate row was found and `ASSERT` was specified
933	2025-08-29 22:09:21.462669+03	ERROR	Runtime Error: Duplicate row was found and `ASSERT` was specified
934	2025-08-29 22:12:00.849824+03	ERROR	Runtime Error: Duplicate row was found and `ASSERT` was specified
936	2025-08-29 22:12:00.849824+03	ERROR	Runtime Error: Duplicate row was found and `ASSERT` was specified
935	2025-08-29 22:12:00.849806+03	ERROR	Runtime Error: Duplicate row was found and `ASSERT` was specified
937	2025-08-29 22:12:00.89394+03	ERROR	Runtime Error: Duplicate row was found and `ASSERT` was specified
938	2025-08-29 22:12:00.894375+03	ERROR	Runtime Error: Duplicate row was found and `ASSERT` was specified
939	2025-08-29 22:12:00.895019+03	ERROR	Runtime Error: Duplicate row was found and `ASSERT` was specified
940	2025-08-29 22:12:00.914913+03	ERROR	Runtime Error: Duplicate row was found and `ASSERT` was specified
941	2025-08-29 22:12:00.914915+03	ERROR	Runtime Error: Duplicate row was found and `ASSERT` was specified
942	2025-08-29 22:12:00.916292+03	ERROR	Runtime Error: Duplicate row was found and `ASSERT` was specified
943	2025-08-29 22:12:00.916607+03	ERROR	Runtime Error: Duplicate row was found and `ASSERT` was specified
944	2025-08-29 22:12:00.917383+03	ERROR	Runtime Error: Duplicate row was found and `ASSERT` was specified
945	2025-08-29 22:12:14.829876+03	ERROR	Runtime Error: Duplicate row was found and `ASSERT` was specified
946	2025-08-29 22:12:14.831669+03	ERROR	Runtime Error: Duplicate row was found and `ASSERT` was specified
947	2025-08-29 22:13:21.255357+03	ERROR	Runtime Error: Duplicate row was found and `ASSERT` was specified
948	2025-08-29 22:13:21.255357+03	ERROR	Runtime Error: Duplicate row was found and `ASSERT` was specified
949	2025-08-29 22:13:32.178547+03	ERROR	Runtime Error: Duplicate row was found and `ASSERT` was specified
950	2025-08-29 22:13:32.178547+03	ERROR	Runtime Error: Duplicate row was found and `ASSERT` was specified
951	2025-08-29 22:13:55.738321+03	ERROR	Runtime Error: Duplicate row was found and `ASSERT` was specified
952	2025-08-29 22:13:55.772603+03	ERROR	Runtime Error: Duplicate row was found and `ASSERT` was specified
953	2025-08-29 22:14:25.972856+03	ERROR	Runtime Error: Duplicate row was found and `ASSERT` was specified
954	2025-08-29 22:15:38.505024+03	ERROR	Runtime Error: Duplicate row was found and `ASSERT` was specified
956	2025-08-29 22:17:07.080838+03	ERROR	Runtime Error: Duplicate row was found and `ASSERT` was specified
955	2025-08-29 22:17:07.080838+03	ERROR	Runtime Error: Duplicate row was found and `ASSERT` was specified
957	2025-08-29 22:17:12.800904+03	ERROR	Runtime Error: Duplicate row was found and `ASSERT` was specified
958	2025-08-29 22:19:20.202503+03	ERROR	Runtime Error: Duplicate row was found and `ASSERT` was specified
959	2025-08-29 22:19:20.202505+03	ERROR	Runtime Error: Duplicate row was found and `ASSERT` was specified
960	2025-08-29 22:19:24.585316+03	ERROR	Runtime Error: Duplicate row was found and `ASSERT` was specified
962	2025-08-29 22:25:06.50089+03	ERROR	Runtime Error: Duplicate row was found and `ASSERT` was specified
961	2025-08-29 22:25:06.50089+03	ERROR	Runtime Error: Duplicate row was found and `ASSERT` was specified
963	2025-08-29 22:25:12.372179+03	ERROR	Runtime Error: Duplicate row was found and `ASSERT` was specified
964	2025-08-29 22:25:12.401352+03	ERROR	Runtime Error: Duplicate row was found and `ASSERT` was specified
965	2025-08-29 22:26:38.770772+03	ERROR	Runtime Error: Duplicate row was found and `ASSERT` was specified
966	2025-08-29 22:26:38.770772+03	ERROR	Runtime Error: Duplicate row was found and `ASSERT` was specified
967	2025-08-29 22:26:39.805185+03	ERROR	Runtime Error: Duplicate row was found and `ASSERT` was specified
968	2025-08-29 22:26:39.806368+03	ERROR	Runtime Error: Duplicate row was found and `ASSERT` was specified
969	2025-08-29 22:27:35.18165+03	ERROR	Runtime Error: JSON parse error: Cannot deserialize value of type `java.lang.Integer` from String "PERSONAL": not a valid `java.lang.Integer` value
970	2025-08-29 22:27:36.407126+03	ERROR	Runtime Error: JSON parse error: Cannot deserialize value of type `java.lang.Integer` from String "PERSONAL": not a valid `java.lang.Integer` value
971	2025-08-29 22:27:49.049628+03	ERROR	Runtime Error: Bad credentials
972	2025-08-29 22:28:08.705548+03	ERROR	Runtime Error: Duplicate row was found and `ASSERT` was specified
973	2025-08-29 22:28:08.73809+03	ERROR	Runtime Error: Duplicate row was found and `ASSERT` was specified
974	2025-08-30 14:22:54.702551+03	ERROR	Runtime Error: Duplicate row was found and `ASSERT` was specified
975	2025-08-30 14:22:54.702561+03	ERROR	Runtime Error: Duplicate row was found and `ASSERT` was specified
976	2025-08-30 14:22:55.659571+03	ERROR	Runtime Error: Duplicate row was found and `ASSERT` was specified
977	2025-08-30 14:22:55.660861+03	ERROR	Runtime Error: Duplicate row was found and `ASSERT` was specified
978	2025-08-30 14:25:44.776589+03	ERROR	Runtime Error: Duplicate row was found and `ASSERT` was specified
979	2025-08-30 14:25:44.814958+03	ERROR	Runtime Error: Duplicate row was found and `ASSERT` was specified
981	2025-08-30 14:27:27.483231+03	ERROR	Runtime Error: Duplicate row was found and `ASSERT` was specified
980	2025-08-30 14:27:27.483231+03	ERROR	Runtime Error: Duplicate row was found and `ASSERT` was specified
982	2025-08-30 14:29:02.092264+03	ERROR	Runtime Error: Duplicate row was found and `ASSERT` was specified
983	2025-08-30 14:31:48.166943+03	ERROR	Runtime Error: Duplicate row was found and `ASSERT` was specified
984	2025-08-30 14:31:48.166943+03	ERROR	Runtime Error: Duplicate row was found and `ASSERT` was specified
985	2025-08-30 14:32:16.504332+03	ERROR	Runtime Error: Duplicate row was found and `ASSERT` was specified
986	2025-08-30 14:32:16.535889+03	ERROR	Runtime Error: Duplicate row was found and `ASSERT` was specified
987	2025-08-30 14:33:47.820231+03	ERROR	Runtime Error: Profile not found
988	2025-08-30 14:33:47.839716+03	ERROR	Runtime Error: Profile not found
989	2025-08-30 14:38:51.648372+03	ERROR	Runtime Error: Profile not found
990	2025-08-30 14:38:51.66169+03	ERROR	Runtime Error: Profile not found
991	2025-08-30 14:38:54.206215+03	ERROR	Runtime Error: User not found
992	2025-08-30 14:38:54.206212+03	ERROR	Runtime Error: User not found
993	2025-08-30 14:39:28.025167+03	ERROR	Runtime Error: User not found
994	2025-08-30 14:39:28.025167+03	ERROR	Runtime Error: User not found
995	2025-08-30 14:51:13.745291+03	ERROR	Runtime Error: Query did not return a unique result: 2 results were returned
996	2025-08-30 14:51:13.745294+03	ERROR	Runtime Error: Query did not return a unique result: 2 results were returned
997	2025-08-30 14:55:43.723318+03	ERROR	Runtime Error: Profile not found
998	2025-08-30 14:55:43.736441+03	ERROR	Runtime Error: Profile not found
999	2025-08-30 14:55:47.578624+03	ERROR	Runtime Error: User not found
1000	2025-08-30 14:55:47.578624+03	ERROR	Runtime Error: User not found
1001	2025-08-30 14:56:13.818979+03	ERROR	Runtime Error: Query did not return a unique result: 2 results were returned
1002	2025-08-30 14:56:13.818979+03	ERROR	Runtime Error: Query did not return a unique result: 2 results were returned
1003	2025-08-30 15:00:18.576571+03	ERROR	Runtime Error: Query did not return a unique result: 2 results were returned
1004	2025-08-30 15:06:28.007732+03	ERROR	Runtime Error: User not found
1005	2025-08-30 15:06:28.007731+03	ERROR	Runtime Error: User not found
1006	2025-08-30 15:06:38.738082+03	ERROR	Runtime Error: User not found
1007	2025-08-30 15:06:38.738082+03	ERROR	Runtime Error: User not found
1008	2025-08-30 15:06:39.833102+03	ERROR	Runtime Error: User not found
1009	2025-08-30 15:06:39.833102+03	ERROR	Runtime Error: User not found
1010	2025-08-30 15:09:13.325237+03	ERROR	Runtime Error: Cannot invoke "com.cakmak.mondatelier.Model.Country.getName()" because the return value of "com.cakmak.mondatelier.Model.Preferences.getPreferredCountry()" is null
1011	2025-08-30 15:09:13.339946+03	ERROR	Runtime Error: Cannot invoke "com.cakmak.mondatelier.Model.Country.getName()" because the return value of "com.cakmak.mondatelier.Model.Preferences.getPreferredCountry()" is null
1012	2025-08-30 15:12:36.376634+03	ERROR	Runtime Error: Cannot invoke "com.cakmak.mondatelier.Model.Country.getName()" because the return value of "com.cakmak.mondatelier.Model.Preferences.getPreferredCountry()" is null
1013	2025-08-30 15:12:47.318777+03	ERROR	Runtime Error: Cannot invoke "com.cakmak.mondatelier.Model.Country.getName()" because the return value of "com.cakmak.mondatelier.Model.Preferences.getPreferredCountry()" is null
1014	2025-08-30 15:12:47.327959+03	ERROR	Runtime Error: Cannot invoke "com.cakmak.mondatelier.Model.Country.getName()" because the return value of "com.cakmak.mondatelier.Model.Preferences.getPreferredCountry()" is null
1016	2025-08-30 15:13:46.696604+03	ERROR	Runtime Error: Cannot invoke "com.cakmak.mondatelier.Model.Country.getName()" because the return value of "com.cakmak.mondatelier.Model.Preferences.getPreferredCountry()" is null
1015	2025-08-30 15:13:46.696604+03	ERROR	Runtime Error: Cannot invoke "com.cakmak.mondatelier.Model.Country.getName()" because the return value of "com.cakmak.mondatelier.Model.Preferences.getPreferredCountry()" is null
1018	2025-08-30 15:19:31.278121+03	ERROR	Runtime Error: Cannot invoke "com.cakmak.mondatelier.Model.Country.getName()" because the return value of "com.cakmak.mondatelier.Model.Preferences.getPreferredCountry()" is null
1017	2025-08-30 15:19:31.278121+03	ERROR	Runtime Error: Cannot invoke "com.cakmak.mondatelier.Model.Country.getName()" because the return value of "com.cakmak.mondatelier.Model.Preferences.getPreferredCountry()" is null
1019	2025-08-30 15:21:14.115956+03	ERROR	Runtime Error: Cannot invoke "com.cakmak.mondatelier.Model.Country.getName()" because the return value of "com.cakmak.mondatelier.Model.Preferences.getPreferredCountry()" is null
1020	2025-08-30 15:21:14.126347+03	ERROR	Runtime Error: Cannot invoke "com.cakmak.mondatelier.Model.Country.getName()" because the return value of "com.cakmak.mondatelier.Model.Preferences.getPreferredCountry()" is null
1021	2025-08-30 15:23:52.298747+03	ERROR	Runtime Error: User not found
1022	2025-08-30 15:24:13.613868+03	ERROR	Runtime Error: User not found
1023	2025-08-30 15:25:23.516931+03	ERROR	Runtime Error: Profile not found
1024	2025-08-30 15:25:23.516931+03	ERROR	Runtime Error: Profile not found
1025	2025-08-30 15:27:33.228847+03	ERROR	Runtime Error: Cannot invoke "com.cakmak.mondatelier.Model.Country.getCities()" because "country" is null
1027	2025-08-30 15:27:33.24267+03	ERROR	Runtime Error: Cannot invoke "com.cakmak.mondatelier.Model.Country.getCities()" because "country" is null
1026	2025-08-30 15:27:33.24267+03	ERROR	Runtime Error: Cannot invoke "com.cakmak.mondatelier.Model.Country.getCities()" because "country" is null
1028	2025-08-30 15:27:33.24267+03	ERROR	Runtime Error: Cannot invoke "com.cakmak.mondatelier.Model.Country.getCities()" because "country" is null
1029	2025-08-30 15:28:17.843562+03	ERROR	Runtime Error: Cannot invoke "com.cakmak.mondatelier.Model.Country.getCities()" because "country" is null
1030	2025-08-30 15:28:17.843562+03	ERROR	Runtime Error: Cannot invoke "com.cakmak.mondatelier.Model.Country.getCities()" because "country" is null
1031	2025-08-30 15:28:17.843562+03	ERROR	Runtime Error: Cannot invoke "com.cakmak.mondatelier.Model.Country.getCities()" because "country" is null
1032	2025-08-30 15:28:17.857254+03	ERROR	Runtime Error: Cannot invoke "com.cakmak.mondatelier.Model.Country.getCities()" because "country" is null
1033	2025-09-06 09:26:44.975557+03	ERROR	Runtime Error: Cannot invoke "com.cakmak.mondatelier.Model.Country.getCities()" because "country" is null
1037	2025-09-06 09:53:22.425172+03	ERROR	Runtime Error: Bad credentials
1034	2025-09-06 09:26:45.023735+03	ERROR	Runtime Error: Cannot invoke "com.cakmak.mondatelier.Model.Country.getCities()" because "country" is null
1035	2025-09-06 09:26:45.024162+03	ERROR	Runtime Error: Cannot invoke "com.cakmak.mondatelier.Model.Country.getCities()" because "country" is null
1036	2025-09-06 09:26:45.02452+03	ERROR	Runtime Error: Cannot invoke "com.cakmak.mondatelier.Model.Country.getCities()" because "country" is null
\.


--
-- Data for Name: masterclasses; Type: TABLE DATA; Schema: public; Owner: mondatelier
--

COPY public.masterclasses (id, profile_id, title, description, sessions, session_duration, session_price, created_at, art_category_id, city_id, thumbnail_url) FROM stdin;
1	1	Jazz Piano	Jazz harmony and improvisation classes	5	60	5000	2025-07-05 05:38:27.626591+03	4	10	\N
\.


--
-- Data for Name: profile_types; Type: TABLE DATA; Schema: public; Owner: mondatelier
--

COPY public.profile_types (id, type) FROM stdin;
1	freemium
2	premium
3	platinum
\.


--
-- Data for Name: profiles; Type: TABLE DATA; Schema: public; Owner: mondatelier
--

COPY public.profiles (id, user_id, profile_type_id, profile_name, firstname, lastname, dob, bio, personal_website, country_id, banner_path, profile_picture_path, show_real_name, active) FROM stdin;
1	1	3	cakmakkursat	Kursat	Cakmak	1994-02-14 00:00:00	An experimental artist	https://cakmakkursat.com	10	/banner/1756280280123_1920px-View_on_the_waal_janvangoyen.jpg	/pp/1756469902651_Screenshotatpng	f	f
\.


--
-- Data for Name: user_follows; Type: TABLE DATA; Schema: public; Owner: mondatelier
--

COPY public.user_follows (follower_id, following_id, followed_at) FROM stdin;
\.


--
-- Data for Name: user_preferences; Type: TABLE DATA; Schema: public; Owner: mondatelier
--

COPY public.user_preferences (id, language_id, preferred_city_id, animations, preferred_country_id, profile_id, notifications) FROM stdin;
10	1	10	t	10	1	t
\.


--
-- Data for Name: user_types; Type: TABLE DATA; Schema: public; Owner: mondatelier
--

COPY public.user_types (id, type) FROM stdin;
1	personal
2	collective
3	business
\.


--
-- Data for Name: users; Type: TABLE DATA; Schema: public; Owner: mondatelier
--

COPY public.users (id, user_type_id, email, password, created_at, updated_at, active) FROM stdin;
usr1a2b3c4d	1	emma.johnson@example.com	hashed_password_1	2024-01-15 09:30:45+03	2024-01-15 09:30:45+03	t
usr2b3c4d5e	1	liam.smith@example.com	hashed_password_2	2024-02-22 14:15:22+03	2024-02-22 14:15:22+03	t
usr3c4d5e6f	1	olivia.williams@example.com	hashed_password_3	2024-03-05 11:45:33+03	2024-03-05 11:45:33+03	t
usr4d5e6f7g	1	noah.brown@example.com	hashed_password_4	2024-01-30 16:20:18+03	2024-01-30 16:20:18+03	t
usr5e6f7g8h	1	ava.jones@example.com	hashed_password_5	2024-04-18 08:10:55+03	2024-04-18 08:10:55+03	t
usr6f7g8h9i	1	william.garcia@example.com	hashed_password_6	2024-02-10 13:25:40+03	2024-02-10 13:25:40+03	t
usr7g8h9i0j	1	sophia.miller@example.com	hashed_password_7	2024-05-28 10:50:12+03	2024-05-28 10:50:12+03	t
usr8h9i0j1k	1	benjamin.davis@example.com	hashed_password_8	2024-03-14 17:35:27+03	2024-03-14 17:35:27+03	t
usr9i0j1k2l	1	isabella.rodriguez@example.com	hashed_password_9	2024-06-20 12:40:33+03	2024-06-20 12:40:33+03	t
usr0j1k2l3m	1	james.wilson@example.com	hashed_password_10	2024-01-03 15:55:44+03	2024-01-03 15:55:44+03	t
usr11k2l3m4n	1	mia.martinez@example.com	hashed_password_11	2024-04-05 09:20:19+03	2024-04-05 09:20:19+03	t
usr12l3m4n5o	1	ethan.anderson@example.com	hashed_password_12	2024-05-12 14:45:50+03	2024-05-12 14:45:50+03	t
usr13m4n5o6p	1	charlotte.taylor@example.com	hashed_password_13	2024-02-28 11:30:25+03	2024-02-28 11:30:25+03	t
usr14n5o6p7q	1	michael.thomas@example.com	hashed_password_14	2024-03-30 16:15:38+03	2024-03-30 16:15:38+03	t
usr15o6p7q8r	1	amelia.hernandez@example.com	hashed_password_15	2024-06-14 08:40:42+03	2024-06-14 08:40:42+03	t
usr16p7q8r9s	1	alexander.moore@example.com	hashed_password_16	2024-01-27 13:50:29+03	2024-01-27 13:50:29+03	t
usr17q8r9s0t	1	harper.martin@example.com	hashed_password_17	2024-04-22 10:25:16+03	2024-04-22 10:25:16+03	t
usr18r9s0t1u	1	daniel.jackson@example.com	hashed_password_18	2024-05-19 15:35:47+03	2024-05-19 15:35:47+03	t
usr19s0t1u2v	1	evelyn.white@example.com	hashed_password_19	2024-02-08 12:45:53+03	2024-02-08 12:45:53+03	t
usr20t1u2v3w	1	matthew.thompson@example.com	hashed_password_20	2024-03-21 17:20:34+03	2024-03-21 17:20:34+03	t
usr21u2v3w4x	1	abigail.garcia@example.com	hashed_password_21	2024-06-05 09:55:41+03	2024-06-05 09:55:41+03	t
usr22v3w4x5y	1	david.lee@example.com	hashed_password_22	2024-01-19 14:30:22+03	2024-01-19 14:30:22+03	t
usr23w4x5y6z	1	joseph.lewis@example.com	hashed_password_24	2024-05-18 16:25:39+03	2024-05-18 16:25:39+03	t
usr25y6z7a8b	1	elizabeth.robinson@example.com	hashed_password_25	2024-02-14 10:15:27+03	2024-02-14 10:15:27+03	t
usr26z7a8b9c	1	samuel.walker@example.com	hashed_password_26	2024-03-07 13:50:44+03	2024-03-07 13:50:44+03	t
usr27a8b9c0d	1	sofia.hall@example.com	hashed_password_27	2024-06-22 08:30:15+03	2024-06-22 08:30:15+03	t
usr28b9c0d1e	2	andrew.allen@example.com	hashed_password_28	2024-01-22 15:45:33+03	2024-01-22 15:45:33+03	t
usr29c0d1e2f	2	victoria.young@example.com	hashed_password_29	2024-04-11 12:20:51+03	2024-04-11 12:20:51+03	t
usr30d1e2f3g	3	ryan.king@example.com	hashed_password_30	2024-05-30 17:35:26+03	2024-05-30 17:35:26+03	t
usr31e2f3g4h	3	grace.wright@example.com	hashed_password_31	2024-02-05 09:50:19+03	2024-02-05 09:50:19+03	t
usr32f3g4h5i	1	christopher.scott@example.com	hashed_password_32	2024-03-28 14:25:37+03	2024-03-28 14:25:37+03	t
usr33g4h5i6j	1	chloe.green@example.com	hashed_password_33	2024-06-10 11:40:48+03	2024-06-10 11:40:48+03	t
usr34h5i6j7k	1	joshua.adams@example.com	hashed_password_34	2024-01-08 16:15:29+03	2024-01-08 16:15:29+03	t
usr35i6j7k8l	1	lily.baker@example.com	hashed_password_35	2024-04-28 10:30:42+03	2024-04-28 10:30:42+03	t
usr36j7k8l9m	1	anthony.nelson@example.com	hashed_password_36	2024-05-15 13:45:55+03	2024-05-15 13:45:55+03	t
usr37k8l9m0n	1	zoey.carter@example.com	hashed_password_37	2024-02-19 08:20:33+03	2024-02-19 08:20:33+03	t
usr38l9m0n1o	1	john.mitchell@example.com	hashed_password_38	2024-03-11 15:35:44+03	2024-03-11 15:35:44+03	t
usr39m0n1o2p	1	penelope.perez@example.com	hashed_password_39	2024-06-18 12:50:27+03	2024-06-18 12:50:27+03	t
usr40n1o2p3q	1	jonathan.roberts@example.com	hashed_password_40	2024-01-25 17:25:38+03	2024-01-25 17:25:38+03	t
usr41o2p3q4r	1	madison.turner@example.com	hashed_password_41	2024-04-08 10:40:51+03	2024-04-08 10:40:51+03	t
usr42p3q4r5s	1	nathan.phillips@example.com	hashed_password_42	2024-05-22 14:55:19+03	2024-05-22 14:55:19+03	t
usr43q4r5s6t	1	hannah.campbell@example.com	hashed_password_43	2024-02-12 09:30:42+03	2024-02-12 09:30:42+03	t
usr44r5s6t7u	1	christian.parker@example.com	hashed_password_44	2024-03-25 16:45:33+03	2024-03-25 16:45:33+03	t
usr45s6t7u8v	1	logan.edwards@example.com	hashed_password_46	2024-01-14 14:35:47+03	2024-01-14 14:35:47+03	t
usr47u8v9w0x	1	scarlett.collins@example.com	hashed_password_47	2024-04-25 08:50:39+03	2024-04-25 08:50:39+03	t
usr48v9w0x1y	1	elijah.stewart@example.com	hashed_password_48	2024-05-08 13:25:51+03	2024-05-08 13:25:51+03	t
usr49w0x1y2z	1	addison.sanchez@example.com	hashed_password_49	2024-02-22 10:40:44+03	2024-02-22 10:40:44+03	t
1	1	cakmakkur@hotmail.com	$2a$10$.yf9DD4A8LKkF8KTwQYo6.mC16gto.wKq8sxrnaGYeD1lfyIewUDi	2025-07-05 04:37:04.886533+03	2025-07-05 04:37:04.886533+03	t
37382666-89f5-45af-b42f-a75a2194e278	1	newEmail&#64;hotmail.com	$2a$10$rVCk85eAH6w0.H3UT8qmPeeKQJFqPxfce.7IuQLV.Prqa57eqbyMS	2025-08-24 14:23:50.677+03	2025-08-24 14:23:50.677+03	f
5a6230bd-bc08-4942-8892-9a38d2a14e49	1	newEmail@hotmail.com	$2a$10$xHXkNOODw7gZTpcGjX4WX.VVqRxR4bUPv/eqa5y0EH8OK8SbVDl8y	2025-08-24 14:33:52.568+03	2025-08-24 14:33:52.568+03	f
80fa1a45-3fe4-4adb-a920-c500841152f2	1	email@hotmail.com	$2a$10$0ZEjPaAjn41RytMErCNvIeG4105dZ61agctuGyrRg3jhZN.oy0wEq	2025-08-24 14:42:59.104+03	2025-08-24 14:42:59.112+03	f
310c6e9d-46d0-40a6-a76b-c83e9343f68a	1	em@hotmail.com	$2a$10$te3ALDlbYi3DmAHxSaf0kuYjm3TpSkQ7x.CwRuNQGMfDaDxchqV2i	2025-08-24 14:44:13.081+03	2025-08-24 14:44:13.086+03	f
79303fb6-980f-4c2d-8c61-71ecd3c5f8c4	1	qw@hotmail.com	$2a$10$L21Ygoc2.yNFNnScTfJSR.tjOX/GpkTlhm.5BrshO9Lum9q8cqEva	2025-08-24 14:48:41.444+03	2025-08-24 14:48:41.445+03	f
99a90d30-a9e9-4154-bc99-71ea65e796c6	1	123qwe@hotmail.com	$2a$10$Cuugh6NWqKB7Cr2IIwvjEeW0Zog08um2iWrepgMbc37pf4Sz0QEAK	2025-08-24 14:56:07.817+03	2025-08-24 14:56:07.826+03	f
a71db371-bea0-4cbc-80c3-dc7aa0310464	1	55g@hotmail.com	$2a$10$Qu/TSN3YpuhBasqaxsb8Z..xMgHUtsGdalhIK0jJAqxmiU2ZOZ3Rq	2025-08-24 15:01:13.829+03	2025-08-24 15:01:13.829+03	t
c82a238b-5e4b-461a-82c3-b9a76e8ae177	1	new123123123@hotmail.com	$2a$10$rSb1A8jizRhRQvsT6BuBh.ONwPFevxvVy3kVq8.Mia9NLnGWkoMjC	2025-08-24 15:05:21.761+03	2025-08-24 15:05:21.761+03	t
241ec213-febf-49a9-8349-e78bf46616b1	1	123123qwe@hotmail.com	$2a$10$wxJ73X2/94RSWpF8ew3jZ.UN1xZKA/1etNnWbyoH.8.XJqLkufvD.	2025-08-24 15:13:02.271+03	2025-08-24 15:13:02.271+03	t
7875349b-ed49-4445-a664-86e29b6d6b59	1	ccmcmakmakkur@hotmail.com	$2a$10$Qz5cI37U5anE22vGY8NcYOHmTdvXSDpcpPP.Bvty6CpJyjEmJf1X.	2025-08-24 15:15:25.485+03	2025-08-24 15:15:25.485+03	t
3c87e4da-f25a-46ff-ba4a-d342a11351f5	1	bndfbdfb@hotmail.com	$2a$10$.lHHRv3X.eipRBw.5ta7SehOhA./ETUw9TuYXy3R2MS0i2AmDcgym	2025-08-24 15:19:12.712+03	2025-08-24 15:19:12.712+03	t
5231dda7-fbaa-48e1-ab08-748dfface446	1	plplp@hotmail.com	$2a$10$/LDgJG7i8.k7mWg.1ZoDG.lzUQB8AZrqN5cbLGL0GIiy7GzZmwsjS	2025-08-24 15:27:07.103+03	2025-08-24 15:27:07.103+03	t
eac9c8e8-47ce-4a8c-b80a-2beb708931d7	1	plplp@hotmail.com	$2a$10$0IfAFAfPYOp9LX/JZ9ByKehmYH8XBkYn9mQ7EgmIjaaPR/g6C.B32	2025-08-24 15:27:07.103+03	2025-08-24 15:27:07.103+03	t
bc852353-ee05-46d6-8091-04ca8f910ad9	1	yxcyxc@hotmail.com	$2a$10$WBFnGhdHT8LV6rISQNup.OqZg.g6vYWlZVO92NrRH.0mMFrRwfauC	2025-08-24 15:31:54.073+03	2025-08-24 15:31:54.073+03	t
d837c1f6-4f0c-4cab-a845-96d638476f9b	1	asdfdasdasd@hotmail.com	$2a$10$v.u0AXtSHROpUGtrpt2FbOg5yN6XzfsmcHZ2UbR8i1ybUIqw3wEBi	2025-08-24 15:41:45.519+03	2025-08-24 15:41:45.519+03	t
0843a88f-5043-4d6c-8510-cc137f558f8d	1	kc@dof.vco	$2a$10$59y0a8jgJC8U37p6ta6YyuXecSM1Cij6VuVX05fqx4k7/2/lMlteC	2025-08-24 21:20:26.78+03	2025-08-24 21:20:26.78+03	t
\.


--
-- Name: art_categories_id_seq; Type: SEQUENCE SET; Schema: public; Owner: mondatelier
--

SELECT pg_catalog.setval('public.art_categories_id_seq', 11, true);


--
-- Name: art_media_types_id_seq; Type: SEQUENCE SET; Schema: public; Owner: mondatelier
--

SELECT pg_catalog.setval('public.art_media_types_id_seq', 4, true);


--
-- Name: art_types_id_seq; Type: SEQUENCE SET; Schema: public; Owner: mondatelier
--

SELECT pg_catalog.setval('public.art_types_id_seq', 136, true);


--
-- Name: artwork_likes_id_seq; Type: SEQUENCE SET; Schema: public; Owner: mondatelier
--

SELECT pg_catalog.setval('public.artwork_likes_id_seq', 2, true);


--
-- Name: cities_id_seq; Type: SEQUENCE SET; Schema: public; Owner: mondatelier
--

SELECT pg_catalog.setval('public.cities_id_seq', 106, true);


--
-- Name: event_goers_id_seq; Type: SEQUENCE SET; Schema: public; Owner: mondatelier
--

SELECT pg_catalog.setval('public.event_goers_id_seq', 1, false);


--
-- Name: event_types_id_seq; Type: SEQUENCE SET; Schema: public; Owner: mondatelier
--

SELECT pg_catalog.setval('public.event_types_id_seq', 2, true);


--
-- Name: events_likes_id_seq; Type: SEQUENCE SET; Schema: public; Owner: mondatelier
--

SELECT pg_catalog.setval('public.events_likes_id_seq', 1, false);


--
-- Name: languages_id_seq; Type: SEQUENCE SET; Schema: public; Owner: mondatelier
--

SELECT pg_catalog.setval('public.languages_id_seq', 2, true);


--
-- Name: logs_id_seq; Type: SEQUENCE SET; Schema: public; Owner: mondatelier
--

SELECT pg_catalog.setval('public.logs_id_seq', 1037, true);


--
-- Name: profile_types_id_seq; Type: SEQUENCE SET; Schema: public; Owner: mondatelier
--

SELECT pg_catalog.setval('public.profile_types_id_seq', 3, true);


--
-- Name: user_preferences_id_seq; Type: SEQUENCE SET; Schema: public; Owner: mondatelier
--

SELECT pg_catalog.setval('public.user_preferences_id_seq', 10, true);


--
-- Name: user_types_id_seq; Type: SEQUENCE SET; Schema: public; Owner: mondatelier
--

SELECT pg_catalog.setval('public.user_types_id_seq', 3, true);


--
-- Name: art_categories art_categories_pkey; Type: CONSTRAINT; Schema: public; Owner: mondatelier
--

ALTER TABLE ONLY public.art_categories
    ADD CONSTRAINT art_categories_pkey PRIMARY KEY (id);


--
-- Name: art_media_types art_media_types_pkey; Type: CONSTRAINT; Schema: public; Owner: mondatelier
--

ALTER TABLE ONLY public.art_media_types
    ADD CONSTRAINT art_media_types_pkey PRIMARY KEY (id);


--
-- Name: art_types art_types_pkey; Type: CONSTRAINT; Schema: public; Owner: mondatelier
--

ALTER TABLE ONLY public.art_types
    ADD CONSTRAINT art_types_pkey PRIMARY KEY (id);


--
-- Name: artwork_likes artwork_likes_pkey; Type: CONSTRAINT; Schema: public; Owner: mondatelier
--

ALTER TABLE ONLY public.artwork_likes
    ADD CONSTRAINT artwork_likes_pkey PRIMARY KEY (id);


--
-- Name: artwork_media artwork_media_pkey; Type: CONSTRAINT; Schema: public; Owner: mondatelier
--

ALTER TABLE ONLY public.artwork_media
    ADD CONSTRAINT artwork_media_pkey PRIMARY KEY (id);


--
-- Name: artwork_types artwork_types_pkey; Type: CONSTRAINT; Schema: public; Owner: mondatelier
--

ALTER TABLE ONLY public.artwork_types
    ADD CONSTRAINT artwork_types_pkey PRIMARY KEY (artwork_id, art_type_id);


--
-- Name: artworks artworks_pkey; Type: CONSTRAINT; Schema: public; Owner: mondatelier
--

ALTER TABLE ONLY public.artworks
    ADD CONSTRAINT artworks_pkey PRIMARY KEY (id);


--
-- Name: cities cities_pkey; Type: CONSTRAINT; Schema: public; Owner: mondatelier
--

ALTER TABLE ONLY public.cities
    ADD CONSTRAINT cities_pkey PRIMARY KEY (id);


--
-- Name: continents continents_pkey; Type: CONSTRAINT; Schema: public; Owner: mondatelier
--

ALTER TABLE ONLY public.continents
    ADD CONSTRAINT continents_pkey PRIMARY KEY (id);


--
-- Name: countries countries_pkey; Type: CONSTRAINT; Schema: public; Owner: mondatelier
--

ALTER TABLE ONLY public.countries
    ADD CONSTRAINT countries_pkey PRIMARY KEY (id);


--
-- Name: event_goers event_goers_pkey; Type: CONSTRAINT; Schema: public; Owner: mondatelier
--

ALTER TABLE ONLY public.event_goers
    ADD CONSTRAINT event_goers_pkey PRIMARY KEY (id);


--
-- Name: event_types event_types_pkey; Type: CONSTRAINT; Schema: public; Owner: mondatelier
--

ALTER TABLE ONLY public.event_types
    ADD CONSTRAINT event_types_pkey PRIMARY KEY (id);


--
-- Name: events_likes events_likes_pkey; Type: CONSTRAINT; Schema: public; Owner: mondatelier
--

ALTER TABLE ONLY public.events_likes
    ADD CONSTRAINT events_likes_pkey PRIMARY KEY (id);


--
-- Name: events events_pkey; Type: CONSTRAINT; Schema: public; Owner: mondatelier
--

ALTER TABLE ONLY public.events
    ADD CONSTRAINT events_pkey PRIMARY KEY (id);


--
-- Name: freelances freelancers_pkey; Type: CONSTRAINT; Schema: public; Owner: mondatelier
--

ALTER TABLE ONLY public.freelances
    ADD CONSTRAINT freelancers_pkey PRIMARY KEY (id);


--
-- Name: languages languages_pkey; Type: CONSTRAINT; Schema: public; Owner: mondatelier
--

ALTER TABLE ONLY public.languages
    ADD CONSTRAINT languages_pkey PRIMARY KEY (id);


--
-- Name: logs logs_pkey; Type: CONSTRAINT; Schema: public; Owner: mondatelier
--

ALTER TABLE ONLY public.logs
    ADD CONSTRAINT logs_pkey PRIMARY KEY (id);


--
-- Name: masterclasses masterclasses_pkey; Type: CONSTRAINT; Schema: public; Owner: mondatelier
--

ALTER TABLE ONLY public.masterclasses
    ADD CONSTRAINT masterclasses_pkey PRIMARY KEY (id);


--
-- Name: profile_types profile_types_pkey; Type: CONSTRAINT; Schema: public; Owner: mondatelier
--

ALTER TABLE ONLY public.profile_types
    ADD CONSTRAINT profile_types_pkey PRIMARY KEY (id);


--
-- Name: profiles profiles_pkey; Type: CONSTRAINT; Schema: public; Owner: mondatelier
--

ALTER TABLE ONLY public.profiles
    ADD CONSTRAINT profiles_pkey PRIMARY KEY (id);


--
-- Name: user_follows user_follows_pkey; Type: CONSTRAINT; Schema: public; Owner: mondatelier
--

ALTER TABLE ONLY public.user_follows
    ADD CONSTRAINT user_follows_pkey PRIMARY KEY (follower_id, following_id);


--
-- Name: user_preferences user_preferences_pkey; Type: CONSTRAINT; Schema: public; Owner: mondatelier
--

ALTER TABLE ONLY public.user_preferences
    ADD CONSTRAINT user_preferences_pkey PRIMARY KEY (id);


--
-- Name: user_types user_types_pkey; Type: CONSTRAINT; Schema: public; Owner: mondatelier
--

ALTER TABLE ONLY public.user_types
    ADD CONSTRAINT user_types_pkey PRIMARY KEY (id);


--
-- Name: users users_pkey; Type: CONSTRAINT; Schema: public; Owner: mondatelier
--

ALTER TABLE ONLY public.users
    ADD CONSTRAINT users_pkey PRIMARY KEY (id);


--
-- Name: art_categories art_categories_media_type_id_fkey; Type: FK CONSTRAINT; Schema: public; Owner: mondatelier
--

ALTER TABLE ONLY public.art_categories
    ADD CONSTRAINT art_categories_media_type_id_fkey FOREIGN KEY (media_type_id) REFERENCES public.art_media_types(id) ON DELETE CASCADE;


--
-- Name: art_types art_types_category_id_fkey; Type: FK CONSTRAINT; Schema: public; Owner: mondatelier
--

ALTER TABLE ONLY public.art_types
    ADD CONSTRAINT art_types_category_id_fkey FOREIGN KEY (category_id) REFERENCES public.art_categories(id) ON DELETE CASCADE;


--
-- Name: artwork_likes artwork_likes_artwork_id_fkey; Type: FK CONSTRAINT; Schema: public; Owner: mondatelier
--

ALTER TABLE ONLY public.artwork_likes
    ADD CONSTRAINT artwork_likes_artwork_id_fkey FOREIGN KEY (artwork_id) REFERENCES public.artworks(id);


--
-- Name: artwork_likes artwork_likes_profile_id_fkey; Type: FK CONSTRAINT; Schema: public; Owner: mondatelier
--

ALTER TABLE ONLY public.artwork_likes
    ADD CONSTRAINT artwork_likes_profile_id_fkey FOREIGN KEY (profile_id) REFERENCES public.profiles(id);


--
-- Name: artwork_media artwork_media_artwork_id_fkey; Type: FK CONSTRAINT; Schema: public; Owner: mondatelier
--

ALTER TABLE ONLY public.artwork_media
    ADD CONSTRAINT artwork_media_artwork_id_fkey FOREIGN KEY (artwork_id) REFERENCES public.artworks(id) ON DELETE SET NULL;


--
-- Name: artwork_types artwork_types_art_type_id_fkey; Type: FK CONSTRAINT; Schema: public; Owner: mondatelier
--

ALTER TABLE ONLY public.artwork_types
    ADD CONSTRAINT artwork_types_art_type_id_fkey FOREIGN KEY (art_type_id) REFERENCES public.art_types(id) ON DELETE CASCADE;


--
-- Name: artwork_types artwork_types_artwork_id_fkey; Type: FK CONSTRAINT; Schema: public; Owner: mondatelier
--

ALTER TABLE ONLY public.artwork_types
    ADD CONSTRAINT artwork_types_artwork_id_fkey FOREIGN KEY (artwork_id) REFERENCES public.artworks(id) ON DELETE CASCADE;


--
-- Name: artworks artworks_art_category_id_fkey; Type: FK CONSTRAINT; Schema: public; Owner: mondatelier
--

ALTER TABLE ONLY public.artworks
    ADD CONSTRAINT artworks_art_category_id_fkey FOREIGN KEY (art_category_id) REFERENCES public.art_categories(id) ON DELETE SET NULL;


--
-- Name: artworks artworks_profile_id_fkey; Type: FK CONSTRAINT; Schema: public; Owner: mondatelier
--

ALTER TABLE ONLY public.artworks
    ADD CONSTRAINT artworks_profile_id_fkey FOREIGN KEY (profile_id) REFERENCES public.profiles(id) ON DELETE CASCADE;


--
-- Name: cities cities_country_id_fkey; Type: FK CONSTRAINT; Schema: public; Owner: mondatelier
--

ALTER TABLE ONLY public.cities
    ADD CONSTRAINT cities_country_id_fkey FOREIGN KEY (country_id) REFERENCES public.countries(id);


--
-- Name: countries countries_continent_id_fkey; Type: FK CONSTRAINT; Schema: public; Owner: mondatelier
--

ALTER TABLE ONLY public.countries
    ADD CONSTRAINT countries_continent_id_fkey FOREIGN KEY (continent_id) REFERENCES public.continents(id);


--
-- Name: event_goers event_goers_event_id_fkey; Type: FK CONSTRAINT; Schema: public; Owner: mondatelier
--

ALTER TABLE ONLY public.event_goers
    ADD CONSTRAINT event_goers_event_id_fkey FOREIGN KEY (event_id) REFERENCES public.events(id);


--
-- Name: event_goers event_goers_profile_id_fkey; Type: FK CONSTRAINT; Schema: public; Owner: mondatelier
--

ALTER TABLE ONLY public.event_goers
    ADD CONSTRAINT event_goers_profile_id_fkey FOREIGN KEY (profile_id) REFERENCES public.profiles(id);


--
-- Name: events events_city_id_fkey; Type: FK CONSTRAINT; Schema: public; Owner: mondatelier
--

ALTER TABLE ONLY public.events
    ADD CONSTRAINT events_city_id_fkey FOREIGN KEY (city_id) REFERENCES public.cities(id);


--
-- Name: events_likes events_likes_event_id_fkey; Type: FK CONSTRAINT; Schema: public; Owner: mondatelier
--

ALTER TABLE ONLY public.events_likes
    ADD CONSTRAINT events_likes_event_id_fkey FOREIGN KEY (event_id) REFERENCES public.events(id);


--
-- Name: events_likes events_likes_liker_profile_id_fkey; Type: FK CONSTRAINT; Schema: public; Owner: mondatelier
--

ALTER TABLE ONLY public.events_likes
    ADD CONSTRAINT events_likes_liker_profile_id_fkey FOREIGN KEY (liker_profile_id) REFERENCES public.profiles(id);


--
-- Name: events events_profile_id_fkey; Type: FK CONSTRAINT; Schema: public; Owner: mondatelier
--

ALTER TABLE ONLY public.events
    ADD CONSTRAINT events_profile_id_fkey FOREIGN KEY (profile_id) REFERENCES public.profiles(id);


--
-- Name: events events_type_id_fkey; Type: FK CONSTRAINT; Schema: public; Owner: mondatelier
--

ALTER TABLE ONLY public.events
    ADD CONSTRAINT events_type_id_fkey FOREIGN KEY (type_id) REFERENCES public.event_types(id);


--
-- Name: freelances freelancers_art_category_id_fkey; Type: FK CONSTRAINT; Schema: public; Owner: mondatelier
--

ALTER TABLE ONLY public.freelances
    ADD CONSTRAINT freelancers_art_category_id_fkey FOREIGN KEY (art_category_id) REFERENCES public.art_categories(id);


--
-- Name: freelances freelancers_profile_id_fkey; Type: FK CONSTRAINT; Schema: public; Owner: mondatelier
--

ALTER TABLE ONLY public.freelances
    ADD CONSTRAINT freelancers_profile_id_fkey FOREIGN KEY (profile_id) REFERENCES public.profiles(id) ON DELETE CASCADE;


--
-- Name: masterclasses masterclasses_art_category_id_fkey; Type: FK CONSTRAINT; Schema: public; Owner: mondatelier
--

ALTER TABLE ONLY public.masterclasses
    ADD CONSTRAINT masterclasses_art_category_id_fkey FOREIGN KEY (art_category_id) REFERENCES public.art_categories(id);


--
-- Name: masterclasses masterclasses_profile_id_fkey; Type: FK CONSTRAINT; Schema: public; Owner: mondatelier
--

ALTER TABLE ONLY public.masterclasses
    ADD CONSTRAINT masterclasses_profile_id_fkey FOREIGN KEY (profile_id) REFERENCES public.profiles(id) ON DELETE CASCADE;


--
-- Name: profiles profiles_country_id_fkey; Type: FK CONSTRAINT; Schema: public; Owner: mondatelier
--

ALTER TABLE ONLY public.profiles
    ADD CONSTRAINT profiles_country_id_fkey FOREIGN KEY (country_id) REFERENCES public.countries(id) ON DELETE SET NULL;


--
-- Name: profiles profiles_profile_type_id_fkey; Type: FK CONSTRAINT; Schema: public; Owner: mondatelier
--

ALTER TABLE ONLY public.profiles
    ADD CONSTRAINT profiles_profile_type_id_fkey FOREIGN KEY (profile_type_id) REFERENCES public.profile_types(id) ON DELETE SET NULL;


--
-- Name: profiles profiles_user_id_fkey; Type: FK CONSTRAINT; Schema: public; Owner: mondatelier
--

ALTER TABLE ONLY public.profiles
    ADD CONSTRAINT profiles_user_id_fkey FOREIGN KEY (user_id) REFERENCES public.users(id) ON DELETE CASCADE;


--
-- Name: user_follows user_follows_follower_id_fkey; Type: FK CONSTRAINT; Schema: public; Owner: mondatelier
--

ALTER TABLE ONLY public.user_follows
    ADD CONSTRAINT user_follows_follower_id_fkey FOREIGN KEY (follower_id) REFERENCES public.profiles(id) ON DELETE CASCADE;


--
-- Name: user_follows user_follows_following_id_fkey; Type: FK CONSTRAINT; Schema: public; Owner: mondatelier
--

ALTER TABLE ONLY public.user_follows
    ADD CONSTRAINT user_follows_following_id_fkey FOREIGN KEY (following_id) REFERENCES public.profiles(id) ON DELETE CASCADE;


--
-- Name: user_preferences user_preferences_event_preferred_city_id_fkey; Type: FK CONSTRAINT; Schema: public; Owner: mondatelier
--

ALTER TABLE ONLY public.user_preferences
    ADD CONSTRAINT user_preferences_event_preferred_city_id_fkey FOREIGN KEY (preferred_city_id) REFERENCES public.cities(id);


--
-- Name: user_preferences user_preferences_event_preferred_country_id_fkey; Type: FK CONSTRAINT; Schema: public; Owner: mondatelier
--

ALTER TABLE ONLY public.user_preferences
    ADD CONSTRAINT user_preferences_event_preferred_country_id_fkey FOREIGN KEY (preferred_country_id) REFERENCES public.countries(id);


--
-- Name: user_preferences user_preferences_language_id_fkey; Type: FK CONSTRAINT; Schema: public; Owner: mondatelier
--

ALTER TABLE ONLY public.user_preferences
    ADD CONSTRAINT user_preferences_language_id_fkey FOREIGN KEY (language_id) REFERENCES public.languages(id);


--
-- Name: user_preferences user_preferences_profile_id_fkey; Type: FK CONSTRAINT; Schema: public; Owner: mondatelier
--

ALTER TABLE ONLY public.user_preferences
    ADD CONSTRAINT user_preferences_profile_id_fkey FOREIGN KEY (profile_id) REFERENCES public.profiles(id);


--
-- Name: users users_user_type_id_fkey; Type: FK CONSTRAINT; Schema: public; Owner: mondatelier
--

ALTER TABLE ONLY public.users
    ADD CONSTRAINT users_user_type_id_fkey FOREIGN KEY (user_type_id) REFERENCES public.user_types(id) ON DELETE SET NULL;


--
-- Name: SCHEMA public; Type: ACL; Schema: -; Owner: pg_database_owner
--

GRANT ALL ON SCHEMA public TO kursat;
GRANT ALL ON SCHEMA public TO mondatelier;


--
-- Name: FUNCTION armor(bytea); Type: ACL; Schema: public; Owner: kursat
--

GRANT ALL ON FUNCTION public.armor(bytea) TO mondatelier;


--
-- Name: FUNCTION armor(bytea, text[], text[]); Type: ACL; Schema: public; Owner: kursat
--

GRANT ALL ON FUNCTION public.armor(bytea, text[], text[]) TO mondatelier;


--
-- Name: FUNCTION crypt(text, text); Type: ACL; Schema: public; Owner: kursat
--

GRANT ALL ON FUNCTION public.crypt(text, text) TO mondatelier;


--
-- Name: FUNCTION dearmor(text); Type: ACL; Schema: public; Owner: kursat
--

GRANT ALL ON FUNCTION public.dearmor(text) TO mondatelier;


--
-- Name: FUNCTION decrypt(bytea, bytea, text); Type: ACL; Schema: public; Owner: kursat
--

GRANT ALL ON FUNCTION public.decrypt(bytea, bytea, text) TO mondatelier;


--
-- Name: FUNCTION decrypt_iv(bytea, bytea, bytea, text); Type: ACL; Schema: public; Owner: kursat
--

GRANT ALL ON FUNCTION public.decrypt_iv(bytea, bytea, bytea, text) TO mondatelier;


--
-- Name: FUNCTION digest(bytea, text); Type: ACL; Schema: public; Owner: kursat
--

GRANT ALL ON FUNCTION public.digest(bytea, text) TO mondatelier;


--
-- Name: FUNCTION digest(text, text); Type: ACL; Schema: public; Owner: kursat
--

GRANT ALL ON FUNCTION public.digest(text, text) TO mondatelier;


--
-- Name: FUNCTION encrypt(bytea, bytea, text); Type: ACL; Schema: public; Owner: kursat
--

GRANT ALL ON FUNCTION public.encrypt(bytea, bytea, text) TO mondatelier;


--
-- Name: FUNCTION encrypt_iv(bytea, bytea, bytea, text); Type: ACL; Schema: public; Owner: kursat
--

GRANT ALL ON FUNCTION public.encrypt_iv(bytea, bytea, bytea, text) TO mondatelier;


--
-- Name: FUNCTION gen_random_bytes(integer); Type: ACL; Schema: public; Owner: kursat
--

GRANT ALL ON FUNCTION public.gen_random_bytes(integer) TO mondatelier;


--
-- Name: FUNCTION gen_random_uuid(); Type: ACL; Schema: public; Owner: kursat
--

GRANT ALL ON FUNCTION public.gen_random_uuid() TO mondatelier;


--
-- Name: FUNCTION gen_salt(text); Type: ACL; Schema: public; Owner: kursat
--

GRANT ALL ON FUNCTION public.gen_salt(text) TO mondatelier;


--
-- Name: FUNCTION gen_salt(text, integer); Type: ACL; Schema: public; Owner: kursat
--

GRANT ALL ON FUNCTION public.gen_salt(text, integer) TO mondatelier;


--
-- Name: FUNCTION hmac(bytea, bytea, text); Type: ACL; Schema: public; Owner: kursat
--

GRANT ALL ON FUNCTION public.hmac(bytea, bytea, text) TO mondatelier;


--
-- Name: FUNCTION hmac(text, text, text); Type: ACL; Schema: public; Owner: kursat
--

GRANT ALL ON FUNCTION public.hmac(text, text, text) TO mondatelier;


--
-- Name: FUNCTION pgp_armor_headers(text, OUT key text, OUT value text); Type: ACL; Schema: public; Owner: kursat
--

GRANT ALL ON FUNCTION public.pgp_armor_headers(text, OUT key text, OUT value text) TO mondatelier;


--
-- Name: FUNCTION pgp_key_id(bytea); Type: ACL; Schema: public; Owner: kursat
--

GRANT ALL ON FUNCTION public.pgp_key_id(bytea) TO mondatelier;


--
-- Name: FUNCTION pgp_pub_decrypt(bytea, bytea); Type: ACL; Schema: public; Owner: kursat
--

GRANT ALL ON FUNCTION public.pgp_pub_decrypt(bytea, bytea) TO mondatelier;


--
-- Name: FUNCTION pgp_pub_decrypt(bytea, bytea, text); Type: ACL; Schema: public; Owner: kursat
--

GRANT ALL ON FUNCTION public.pgp_pub_decrypt(bytea, bytea, text) TO mondatelier;


--
-- Name: FUNCTION pgp_pub_decrypt(bytea, bytea, text, text); Type: ACL; Schema: public; Owner: kursat
--

GRANT ALL ON FUNCTION public.pgp_pub_decrypt(bytea, bytea, text, text) TO mondatelier;


--
-- Name: FUNCTION pgp_pub_decrypt_bytea(bytea, bytea); Type: ACL; Schema: public; Owner: kursat
--

GRANT ALL ON FUNCTION public.pgp_pub_decrypt_bytea(bytea, bytea) TO mondatelier;


--
-- Name: FUNCTION pgp_pub_decrypt_bytea(bytea, bytea, text); Type: ACL; Schema: public; Owner: kursat
--

GRANT ALL ON FUNCTION public.pgp_pub_decrypt_bytea(bytea, bytea, text) TO mondatelier;


--
-- Name: FUNCTION pgp_pub_decrypt_bytea(bytea, bytea, text, text); Type: ACL; Schema: public; Owner: kursat
--

GRANT ALL ON FUNCTION public.pgp_pub_decrypt_bytea(bytea, bytea, text, text) TO mondatelier;


--
-- Name: FUNCTION pgp_pub_encrypt(text, bytea); Type: ACL; Schema: public; Owner: kursat
--

GRANT ALL ON FUNCTION public.pgp_pub_encrypt(text, bytea) TO mondatelier;


--
-- Name: FUNCTION pgp_pub_encrypt(text, bytea, text); Type: ACL; Schema: public; Owner: kursat
--

GRANT ALL ON FUNCTION public.pgp_pub_encrypt(text, bytea, text) TO mondatelier;


--
-- Name: FUNCTION pgp_pub_encrypt_bytea(bytea, bytea); Type: ACL; Schema: public; Owner: kursat
--

GRANT ALL ON FUNCTION public.pgp_pub_encrypt_bytea(bytea, bytea) TO mondatelier;


--
-- Name: FUNCTION pgp_pub_encrypt_bytea(bytea, bytea, text); Type: ACL; Schema: public; Owner: kursat
--

GRANT ALL ON FUNCTION public.pgp_pub_encrypt_bytea(bytea, bytea, text) TO mondatelier;


--
-- Name: FUNCTION pgp_sym_decrypt(bytea, text); Type: ACL; Schema: public; Owner: kursat
--

GRANT ALL ON FUNCTION public.pgp_sym_decrypt(bytea, text) TO mondatelier;


--
-- Name: FUNCTION pgp_sym_decrypt(bytea, text, text); Type: ACL; Schema: public; Owner: kursat
--

GRANT ALL ON FUNCTION public.pgp_sym_decrypt(bytea, text, text) TO mondatelier;


--
-- Name: FUNCTION pgp_sym_decrypt_bytea(bytea, text); Type: ACL; Schema: public; Owner: kursat
--

GRANT ALL ON FUNCTION public.pgp_sym_decrypt_bytea(bytea, text) TO mondatelier;


--
-- Name: FUNCTION pgp_sym_decrypt_bytea(bytea, text, text); Type: ACL; Schema: public; Owner: kursat
--

GRANT ALL ON FUNCTION public.pgp_sym_decrypt_bytea(bytea, text, text) TO mondatelier;


--
-- Name: FUNCTION pgp_sym_encrypt(text, text); Type: ACL; Schema: public; Owner: kursat
--

GRANT ALL ON FUNCTION public.pgp_sym_encrypt(text, text) TO mondatelier;


--
-- Name: FUNCTION pgp_sym_encrypt(text, text, text); Type: ACL; Schema: public; Owner: kursat
--

GRANT ALL ON FUNCTION public.pgp_sym_encrypt(text, text, text) TO mondatelier;


--
-- Name: FUNCTION pgp_sym_encrypt_bytea(bytea, text); Type: ACL; Schema: public; Owner: kursat
--

GRANT ALL ON FUNCTION public.pgp_sym_encrypt_bytea(bytea, text) TO mondatelier;


--
-- Name: FUNCTION pgp_sym_encrypt_bytea(bytea, text, text); Type: ACL; Schema: public; Owner: kursat
--

GRANT ALL ON FUNCTION public.pgp_sym_encrypt_bytea(bytea, text, text) TO mondatelier;


--
-- Name: DEFAULT PRIVILEGES FOR SEQUENCES; Type: DEFAULT ACL; Schema: public; Owner: kursat
--

ALTER DEFAULT PRIVILEGES FOR ROLE kursat IN SCHEMA public GRANT ALL ON SEQUENCES TO mondatelier;


--
-- Name: DEFAULT PRIVILEGES FOR TABLES; Type: DEFAULT ACL; Schema: public; Owner: kursat
--

ALTER DEFAULT PRIVILEGES FOR ROLE kursat IN SCHEMA public GRANT ALL ON TABLES TO mondatelier;


--
-- PostgreSQL database dump complete
--

\unrestrict Ft3oKi2fvdFSfhDhKA0tYnz403czwIXbA8YyM9Uwl1N0tGFKa8FBvfqNC2OLpDC

